Distance_km,Package_Weight_kg,Traffic_Level,Weather,Vehicle_Type,Stops_Count,Warehouse_Delay_Min,Driver_Experience_Years,Delivery_Priority,Delivery_Time_Hours
188.52097918598653,13.454431344927345,Medium,Clear,Van,7,43.49550615692666,8.407102232602528,Express,7.193705324025205
475.45572459213827,12.725450554063992,High,Clear,Van,4,63.56823392819151,13.72043615281822,Standard,17.846377917163775
366.53298302207975,45.359601735791315,Medium,Rain,Bike,2,66.21998871478232,10.116616070503028,Critical,16.105594090208637
300.1319251301242,12.852536892550551,Low,Clear,Truck,5,35.781677373485905,6.055995061573952,Critical,10.47741049803871
79.69728294033338,13.961511443367234,Low,Clear,Van,14,109.83364195443153,12.93570576786411,Standard,7.678415458787639
79.68527112742892,38.090213989689204,Low,Storm,Van,11,47.350220835270015,2.715943486739466,Express,5.790264545929174
30.925638859763332,22.76212220130173,Medium,Clear,Truck,11,10.238267936015538,8.163551364156262,Standard,4.073776066750702
433.3557205959177,38.94717256928147,Medium,Clear,Van,3,39.526117827259434,14.258255579156346,Critical,12.403927869238167
301.35527584811797,3.7356247994370695,Medium,Clear,Van,15,66.07758359257788,9.380964448206191,Standard,14.888394763156704
354.6201437424306,24.634774086832522,Low,Clear,Bike,14,51.945509597646684,12.254526757123143,Standard,11.872275937677948
12.251078159309618,2.1638732090724906,Low,Rain,Truck,9,36.4918896964148,9.803410883177893,Standard,4.056439273189651
485.01510637667315,3.601333571040049,Medium,Rain,Van,6,20.102173722896502,12.590562953068355,Standard,17.37741441054909
416.55643511861,45.36865394054834,Medium,Storm,Van,1,99.20391751106642,14.167318197678654,Standard,15.554645944973775
107.74487711778153,7.39264587032096,Low,Clear,Bike,3,119.55670284428207,4.093825912991052,Express,5.394073541197107
92.5488336691361,26.854823772623245,Medium,Clear,Van,12,42.897345355246436,2.544916218850783,Standard,7.552674800578316
93.33544590701004,20.849232328734974,Low,Rain,Truck,4,48.88642008030945,7.259861254988099,Standard,7.058032411248416
153.51263699384978,17.693494649812713,High,Clear,Van,9,76.07431533785007,10.527936402363238,Standard,10.683266384243971
263.3287029528544,45.04175061151999,High,Clear,Van,11,87.62076959458726,3.407868797733242,Standard,14.61491633590752
217.10861928377366,1.5802581403867304,Low,Clear,Van,6,50.083396502412995,0.06152175645250613,Standard,8.351136997558488
147.03211181862488,33.35758946569166,Low,Clear,Truck,4,109.06689445290876,5.14402673755058,Express,3.8652743450851066
306.702741571745,48.188024493570744,Medium,Clear,Van,1,69.40045876132561,14.532890032016827,Standard,10.851372002082163
71.46794260471684,28.228325081361177,Low,Rain,Truck,8,56.79485878668206,10.4245119090877,Standard,6.157637548372848
147.48803497053865,46.87271187063804,Medium,Rain,Truck,14,79.3673666133891,6.019881659118359,Standard,12.051721812975718
184.44819796025845,3.0867650246581766,High,Clear,Van,11,114.57244254865492,2.888641460202605,Standard,10.782437559047997
229.1228521400839,21.230269294170988,Medium,Clear,Bike,2,96.37351385849614,5.341345106321205,Express,8.752052332058016
393.0176287737208,13.377810652621532,High,Clear,Van,11,9.6015100115393,2.5475914995187194,Standard,15.64946382154338
101.43754351486315,36.675637766546124,Medium,Rain,Truck,15,43.21563973509536,1.5945873196942713,Standard,8.472045357425841
258.08875032997855,49.07420597961371,Low,Clear,Bike,11,59.112638769390614,13.601135588588308,Standard,8.623721609515712
297.0224552932971,13.198238090990266,Medium,Rain,Van,8,41.1695208040471,14.964755075632103,Standard,12.692790231063167
25.132305534558867,32.881642772966686,Medium,Clear,Truck,6,85.5215694955025,2.4617165939368544,Standard,6.560967063624372
304.5573362469163,10.305832821607137,Medium,Clear,Van,8,100.02095223419683,0.8178383831741959,Standard,11.398693846345791
86.92101359627118,28.48384760129469,Low,Clear,Van,6,89.10468594630623,4.945966607193185,Express,4.645049334178205
34.3956933066692,23.464658091072643,Low,Rain,Bike,5,118.77332798525165,6.9248877114212295,Standard,6.604470461736723
474.54499755215994,48.61426381676109,High,Clear,Bike,5,36.342979507698345,3.072318706137817,Standard,18.596124611416855
482.8847524711306,30.622099998475093,Low,Clear,Truck,14,105.62379192780847,4.521373676978377,Standard,17.565219070278424
404.58187936199766,17.80056541829753,High,Clear,Bike,14,93.16160649506591,3.0130610353748652,Standard,18.100274700995286
153.6976570483386,6.1477413519527015,High,Rain,Van,10,46.6505571191868,11.61390852648677,Standard,11.327982648587284
50.64071277517917,7.986718022379261,Medium,Rain,Truck,10,89.4243225205514,10.688669148708911,Express,7.597914664406018
342.7480472030541,11.653188032586137,Medium,Clear,Van,11,16.9687349880984,9.524272736414726,Express,10.459023823397615
221.19594188232145,12.92284973634475,Medium,Rain,Truck,8,95.77335046916352,5.808267856188071,Standard,14.116506368047597
62.775040952699854,42.60549486313632,High,Clear,Truck,7,66.2180192975168,13.635614119713539,Standard,7.568655967210338
248.59810123541254,28.280528019984985,Low,Clear,Van,8,38.61336986156412,14.5429881230253,Standard,10.015549533863812
19.12548351537876,26.407850113031138,Medium,Clear,Bike,12,80.41438970518071,2.60458968938118,Standard,4.792337555364162
454.8415602352335,6.181059157526265,Medium,Clear,Van,8,78.78629985215703,3.3451896211781706,Express,14.896531863858991
130.87243083680843,43.07691482079703,Medium,Rain,Van,7,29.090915612753967,7.884465420005545,Express,8.417152415174886
331.93609760828303,36.279308008819946,Medium,Rain,Bike,2,8.495702703325506,1.3687585392336792,Critical,8.883178567464318
157.23211589252665,3.8495839140500783,Low,Clear,Van,11,54.866597493692495,6.546725982346692,Standard,6.033366709851554
260.99387454654976,35.53783731287355,Medium,Clear,Bike,15,70.49386497460844,8.726868971665652,Standard,11.266837826019879
274.26171911295324,27.40514175846098,High,Rain,Truck,9,105.80960701261881,7.831103567059997,Express,12.106136188833085
94.05751885171246,4.545404614465523,Low,Storm,Bike,13,111.74493149947335,4.963628746170391,Express,9.621137134044172
484.8531446267502,23.185881755668493,High,Clear,Bike,7,65.81260008802813,8.136687091158102,Express,17.022276566314513
388.01614603383507,24.492466212937327,Medium,Storm,Bike,12,91.68740063338267,14.382014313882717,Standard,19.928319844116384
469.87047289896617,8.70583973808215,High,Clear,Truck,11,55.51987631771965,3.0902610643706407,Standard,16.2389641404642
447.62402051296914,47.31205827651397,Medium,Clear,Van,15,90.7994480058827,9.822470375910054,Standard,17.749098515618403
299.7541894479204,42.57378088829277,Medium,Rain,Truck,6,28.552175368004196,0.6509504123407778,Standard,11.3289145564631
461.0933690415122,33.61660569779086,Low,Clear,Van,9,47.672444502406115,0.996246067221524,Standard,12.588092648243371
46.06926602185591,23.383630269530055,High,Clear,Van,13,77.9362198635657,8.277423363353776,Express,8.388329589432194
99.59946548473431,20.88239430843317,Low,Clear,Bike,1,7.0881660448140655,1.574087704919242,Standard,4.83121544508805
24.523189877447958,32.72318662397223,High,Rain,Van,11,88.08305068897971,0.33520182640286,Standard,9.67569410937492
164.01450472010563,27.49887753564182,High,Rain,Van,2,101.08658264583919,2.5726949647203328,Express,8.048232765242991
195.56129026536203,3.582518741153338,Low,Clear,Van,13,50.90129102580442,8.472737564993617,Standard,8.740057075537976
137.13181782340016,25.86888111413142,Low,Clear,Van,1,56.5133779753739,10.550114317783986,Express,5.468525344889602
414.7112795576608,40.41697905302556,Medium,Clear,Truck,10,102.89745440490107,3.0371784621207,Standard,17.31555932439708
179.66315669340747,23.232373941049424,Low,Clear,Bike,12,94.20028306249384,10.023891558122617,Standard,9.711954339507358
141.90538582431563,3.0718505889362864,High,Clear,Truck,3,38.13719123883813,2.73714496648844,Critical,8.589574087195134
272.2626494128077,39.42077086950964,Low,Rain,Bike,11,42.25725225457698,9.201861399468857,Critical,12.637960131698456
72.1802640374318,10.467507215730732,Low,Clear,Van,5,83.07099672491861,6.179395198436983,Standard,4.66849291155122
401.49409641551176,13.301731326957919,High,Clear,Van,1,69.76778063153854,9.806992640004252,Express,14.429607330503964
39.12622055252587,8.652964494898647,Medium,Clear,Van,4,23.65640067609715,14.925791287188709,Standard,4.894310783222803
493.4696944270576,16.845645711139127,High,Clear,Van,14,40.641939561354135,14.06725447848843,Standard,19.199628449341635
386.5778951097354,37.95919953158744,Low,Storm,Van,13,108.49807684104522,0.06422636754155442,Standard,19.73173946059132
100.96040940401785,26.209600045444898,Medium,Clear,Van,8,84.14006022306029,13.281581465434586,Standard,8.107316192438802
4.750014327553995,10.641623070460271,Medium,Clear,Van,6,118.38704653383473,0.9973619276214979,Express,3.2104476946206124
408.09979137050743,43.95258886852602,Medium,Clear,Van,13,93.20644094778848,14.295698792397674,Express,13.349433098365287
354.01495723611333,44.0393018201007,Medium,Clear,Truck,1,113.32705969651288,4.227385186495271,Critical,12.030754060941883
365.0455696844117,43.59363203977734,Medium,Clear,Bike,12,29.861685995104672,5.730522456169064,Express,11.837467361543473
386.092632649601,12.320412463386194,Medium,Clear,Van,1,93.72076060394646,1.3745730776359177,Standard,13.031476934151614
38.874236563577,22.83634753695891,Low,Clear,Van,3,7.325014816996704,1.684091374933644,Express,2.2238340559494465
180.51593281504776,49.256987978973314,Medium,Clear,Van,14,82.1374024968264,10.901108478439795,Critical,11.652724487009955
59.7027916435146,38.71461757734453,Low,Clear,Van,10,58.96746198382776,14.164983536224375,Express,5.2718932565303165
431.82550608604555,1.844787350665211,Medium,Clear,Van,15,44.87740827080789,9.161227424314642,Express,16.76229207711887
312.4024671601238,3.7276272673943565,Low,Storm,Bike,8,104.17650051370525,10.737750232902165,Critical,12.65219176118923
166.78721637661928,23.464603152210472,Medium,Clear,Bike,11,103.24078465561603,11.429546168957302,Standard,11.597859437239189
33.65205844243977,45.506400190147225,Medium,Clear,Bike,11,7.564696063344012,3.9422141182941255,Express,6.297457396125223
156.86919621439978,27.165738998659354,Low,Clear,Van,14,75.09308908168457,0.6784444638032239,Express,8.94435262289305
163.94129436932002,25.141719147697366,Low,Clear,Van,8,47.30070579690999,0.02809115878752877,Critical,4.0323038603080565
365.3438768123559,5.720948147853214,Low,Rain,Truck,13,52.80101517255165,5.25973924431028,Standard,16.01074341883278
319.5036207348961,33.01061518385256,Medium,Clear,Van,3,100.68468501015924,3.6219634229882414,Standard,14.606090014839065
443.8319458030106,41.194106449711164,High,Rain,Bike,7,40.631573725683005,0.9347658757377847,Express,17.580827826240096
237.16303273065074,19.330790371624335,Low,Clear,Truck,12,113.45061322332631,2.692924387405001,Standard,10.72035119346004
61.557934477274245,38.89278662080371,Medium,Clear,Truck,3,25.65789003279619,1.867483474019217,Express,3.4805198421257444
357.1959040370515,48.241594368090176,Low,Rain,Van,4,81.21307868734044,13.723175709260556,Standard,10.431548332658734
380.87095421121495,10.58643972682061,Medium,Clear,Van,9,82.29208270658295,2.1040082018875337,Standard,13.340774400363898
281.51604438960914,26.404816744139694,High,Clear,Truck,13,34.002443564210594,8.064726959815188,Standard,15.90854285356756
385.9416556173714,14.71332892518649,Low,Clear,Van,4,42.34632003122823,8.896589326682468,Standard,13.24005063523983
247.9102069894666,39.74629374217505,Medium,Rain,Truck,3,101.00182664669315,8.152341865629506,Standard,10.120814835807957
262.32094903223305,29.090871611117297,Low,Clear,Bike,5,92.60760431981953,1.4858465132398195,Standard,8.978663508695668
214.91542714255772,31.911829668740037,Low,Rain,Bike,7,42.846026236197346,4.781975426258268,Standard,12.777059434774277
14.658725118559405,39.996750900986754,Low,Clear,Van,5,66.40500289751739,0.769054986947299,Standard,2.0022843929807728
55.729930642665614,20.100538396791517,Low,Rain,Van,4,12.093234069105979,5.9350487114447406,Standard,3.329334921524878
17.651734471993656,45.79695838614864,Medium,Clear,Truck,8,29.00577647584236,2.82898396907388,Standard,4.1187852281516495
318.93238480936265,26.884928928683927,Medium,Rain,Truck,4,60.869364268945894,8.424487999265697,Standard,10.533021316858791
158.5492785760107,8.318763730349726,Medium,Clear,Van,2,14.886979557109333,10.392125907736508,Express,4.7452067324637985
255.26820420002198,34.947006349355725,Low,Storm,Bike,10,101.98322081257281,7.981797903070597,Standard,12.826974442659399
453.96810401519434,39.766436846693594,Low,Clear,Truck,13,87.5707141623795,6.513550449170936,Standard,14.782630891865578
126.14753011613972,16.17970301484257,Medium,Clear,Van,14,113.5178721245769,5.810001312850386,Express,10.618154965068904
206.37069567174362,42.93037322143827,High,Clear,Bike,6,84.74869418586313,12.625376521455056,Standard,9.064948332105658
378.26446699443824,45.354091110905436,Low,Clear,Van,2,113.14615781015134,3.2905209759790512,Critical,11.650167210796871
115.94148641482799,14.206772125201542,High,Clear,Van,3,68.76894390446097,11.013275092933032,Express,5.580833321287066
40.33599509473891,49.184312899403494,Medium,Storm,Truck,1,74.02514027212648,11.362234871101785,Standard,6.865015917220683
146.29622355105647,7.465220638413542,Medium,Storm,Van,5,117.35167128202,6.288000109061017,Standard,9.340886454537488
82.2882010524942,10.499775585923253,Medium,Clear,Van,9,78.84485188938994,4.45950898838459,Standard,6.6963014709986375
464.98943086660137,9.619129542282293,Low,Storm,Truck,2,8.540455418985859,7.058122290689629,Standard,16.27137791915399
404.44394902307965,44.752490645389585,Low,Clear,Van,12,88.23731931251018,1.3982088883904775,Standard,17.088578372174428
317.4350707421909,32.887481340085614,Medium,Clear,Van,7,109.1288995958028,0.6889504834363497,Standard,12.028285287624827
435.9873739134834,8.029162019502508,Low,Rain,Van,5,96.49172872634756,1.6740479917783768,Express,17.03780068852663
402.228694295759,22.296009209233276,High,Rain,Van,2,72.14082635192361,2.8071754719333923,Standard,14.833092992918315
94.91188932524585,30.9572522409552,Medium,Storm,Bike,8,82.19990400575438,7.562652305070645,Standard,9.564020151938365
446.49438124800895,4.631472206974473,Low,Clear,Bike,11,118.87205576394224,12.737049542416832,Express,17.29592393043817
270.59243647399404,44.17961023616326,Medium,Rain,Van,15,15.426140178573908,3.534634979995305,Standard,17.82564579109339
404.10519727170316,40.27837500435599,Low,Clear,Van,13,81.73315529282254,14.027430161201671,Standard,17.05541104485972
448.25346736189965,25.50773529204359,Medium,Clear,Van,13,37.59073487561829,14.32361863402505,Standard,15.53170911671876
160.3657305359882,48.37276745532893,Medium,Clear,Bike,6,78.61039560740956,14.383569072678078,Standard,8.875029614105621
56.805858414783025,21.179168474117436,High,Storm,Van,4,74.87671122665296,12.563441020144857,Critical,9.557772203214713
115.51171094588696,49.21346079230664,Medium,Rain,Van,13,22.647535692438638,5.457375611965809,Standard,9.797605817923113
214.69967873587564,33.56203994077954,Medium,Rain,Bike,4,28.775864260127502,1.0902586650393458,Standard,8.460852768427827
409.37135342940155,31.9162280260701,Medium,Clear,Bike,2,76.48740147496956,8.532280976497423,Standard,13.841458535378852
430.64383046165904,8.714767317141357,High,Clear,Truck,3,19.746443939934025,8.380221659058506,Standard,13.939797228336033
5.4621610045329705,44.15542403607988,Low,Clear,Truck,15,35.495800639987124,12.749636506643933,Standard,3.06223046250361
256.35215668362775,21.66073955207045,Low,Clear,Bike,7,101.05323798987028,14.939865764191577,Express,8.58170537377604
209.87067956809193,8.530553586232728,Low,Clear,Truck,3,42.61552319018844,7.622359598402213,Critical,6.7542143933086
112.60968961442366,1.1240722388000726,Low,Rain,Van,13,61.12691797101124,5.178060465596764,Standard,9.46057863946183
61.69295293217404,28.20790634009994,Medium,Clear,Truck,5,113.23113854177163,2.788525673344005,Standard,5.631782588956975
170.1323553590067,26.606281295072478,Medium,Clear,Van,10,31.122145216248825,0.07199737226056102,Express,8.205074248475935
471.56903254843456,36.10800430727335,Medium,Clear,Van,6,49.80699199617119,7.636705387333188,Standard,16.828955486158005
162.9550601463361,44.5677736243812,Low,Clear,Bike,6,74.74264418750775,8.332780000538936,Standard,7.412301443965699
260.3577296281963,4.4306259398299614,Medium,Clear,Van,14,91.8639768929568,12.374077197260961,Standard,12.355134628461292
352.10344152979854,36.709076271847934,Low,Storm,Truck,4,108.69013947196109,7.568654518392009,Standard,15.071710383541452
183.0875419848884,9.77689123283032,Medium,Clear,Van,6,110.27939357095424,13.747025229990848,Standard,8.801411164126018
485.9474771950384,42.979764131279616,Medium,Rain,Van,3,94.31360855285163,9.421252148571533,Express,15.029759919634664
481.29875288117137,41.04364393615198,Low,Clear,Bike,7,31.2580462082307,12.605043573316248,Express,14.402508321884968
127.38758332103134,27.269290871784445,Low,Clear,Van,7,7.853072954895067,2.2245260221162066,Standard,7.940778353804586
249.62975593440797,35.65701853185392,Low,Clear,Van,4,49.134001990896735,12.830041954534721,Standard,8.705492669168878
151.8373982887513,16.060330602595545,High,Rain,Van,2,21.278117863599682,10.127157816657725,Critical,6.8364646051980245
143.85056619997886,23.822810997174326,High,Rain,Truck,11,86.69457945540428,2.553495486574958,Standard,13.806596510137993
20.369699782557333,41.17102643666835,Medium,Clear,Bike,7,81.03001748495743,2.846453372190163,Express,5.767367482728979
305.56303832198864,23.233627260074087,Low,Clear,Van,3,10.056738786467307,13.89750928566332,Standard,10.103802504362935
252.33415356797303,18.211014133609368,Medium,Clear,Truck,15,101.20828460005937,0.48323040675559314,Standard,13.687472683592606
27.636418122494696,24.963516138889844,Medium,Clear,Van,1,33.60547562348596,6.938024149435591,Standard,1.5015523424326453
140.7659391898325,41.49833799564231,Medium,Storm,Van,2,54.70611368146986,4.702129349011523,Express,10.281719197823861
454.31641121139353,17.0927983448582,Low,Clear,Van,10,81.81237957741038,9.976161599976422,Standard,17.073950033652395
121.30182155215226,9.101198860219318,Low,Clear,Truck,9,54.38316048800913,12.594440813534879,Standard,5.197581227004255
74.1576463014291,35.74469400637365,Medium,Clear,Bike,12,55.74809732199349,5.405671823348543,Standard,4.1499412669811715
245.7474746182264,41.38592152905005,Medium,Clear,Truck,15,12.547219463610144,6.403531309842558,Express,11.507258401518238
492.85392614707916,5.4815551869149,Low,Clear,Truck,8,51.16600816490044,14.728766767521213,Critical,14.177534380052759
122.5435252127272,12.373768581419263,Low,Clear,Bike,15,92.9575077202981,11.758747645188041,Critical,4.672911575836194
336.72350260812755,7.5276134931691985,Medium,Rain,Van,15,110.24527877645875,13.45806196397687,Critical,15.52369046807944
381.28656843370135,17.72309987331725,High,Rain,Van,14,52.55217076228775,6.581433309774446,Standard,18.260817964297686
120.34349690821503,22.792373455817927,High,Clear,Van,6,53.71237009109407,3.511143059761728,Standard,6.155367043307844
364.65174160870606,37.56690367968367,Medium,Rain,Truck,14,85.80211722722,6.1779519807967755,Standard,19.096265256475657
185.1560000941881,32.73180545164287,Medium,Clear,Truck,6,113.41878012710681,10.741378767472703,Standard,10.177929081126443
316.8883036356026,31.235964090182343,Low,Clear,Bike,14,35.712008127526424,1.6414560725396898,Express,9.018242611840773
317.49779595892556,17.942559857177894,Medium,Clear,Van,1,55.616583751862734,4.057036584247633,Express,11.439996936860913
268.8157926692297,42.151653877695615,Medium,Clear,Van,2,96.53692300851463,0.6995385069238558,Standard,11.867870266347929
46.96430548709534,23.828714786209147,Medium,Clear,Van,4,75.11476047801443,6.485216075071973,Express,6.396018938132608
417.9806428034405,48.96569443175015,Medium,Clear,Van,3,17.717429555854793,12.4116860396942,Critical,11.6643293918574
161.74847235592443,31.890035845638973,Low,Clear,Bike,14,77.18926458966055,0.369955324470162,Standard,10.283489888690262
94.88621817912741,6.750104707442885,Low,Storm,Van,1,26.47582272869259,10.12985290210749,Standard,6.030944923704871
22.30602049427243,33.970789322733985,Low,Clear,Van,8,63.674832419016475,13.987438117706095,Standard,2.837085661309608
296.26468570774443,16.5926487638691,Low,Clear,Bike,7,65.84687578095043,3.5539179226677344,Standard,9.206002916356256
339.42705219745665,34.47319623596182,Low,Clear,Truck,4,105.76338665587326,10.404522610914722,Standard,8.60103917494922
10.260738806072364,3.947236834039084,High,Clear,Truck,12,58.18684151143039,14.626528516503004,Standard,6.939543983935084
257.0223430330419,9.15663114020999,Medium,Clear,Van,12,37.13587855712783,14.434170902286947,Standard,10.221598125750518
114.79489604857311,42.858994315836426,Medium,Rain,Van,9,31.56113004484363,3.5239378954371494,Critical,3.7553566385166626
323.296049623906,11.745388072663987,High,Clear,Van,11,105.53896581869866,1.5049657981810305,Standard,15.07788381936825
88.83448164448573,41.933535699525535,High,Clear,Van,14,24.666248258096264,2.2242380684387393,Standard,10.893660810153992
346.08699357502803,14.324166378493317,Medium,Clear,Bike,4,53.974884501561526,10.530535027232132,Critical,9.033036359278665
194.59420245766762,32.322654547906026,High,Clear,Van,1,26.524908216598906,10.886383131799134,Standard,7.6636398301198145
468.4915343908938,34.86045338873664,Low,Clear,Bike,15,93.92996461315317,10.113548424422985,Standard,17.419195363108145
70.48543018470464,25.87641028068012,Low,Clear,Bike,10,59.55285359708118,5.041175816133571,Express,1.1249547740664454
171.85104282302873,15.612878496488198,Medium,Clear,Bike,15,45.381524414033386,2.546654096371832,Standard,8.97265942733804
58.509813577813354,11.025896630369258,Medium,Clear,Bike,1,46.52645867204369,8.711416379283797,Express,3.8579041485027945
462.4974219027243,2.142873050840098,Medium,Clear,Bike,1,103.00463377314263,7.255206686367997,Standard,13.698748910268332
438.91499798372854,15.545346861415828,Low,Storm,Truck,1,68.68400474386038,10.932512206834552,Standard,13.645949992029909
130.4549306021475,32.83155813129851,Low,Clear,Van,4,87.55480288009531,6.620401180284322,Standard,4.264555211732051
330.67205492502114,46.94608851319989,Medium,Rain,Bike,1,108.15942936882873,5.079595420297026,Standard,10.84755173914943
408.97665570020547,43.62462187202107,Low,Rain,Bike,2,108.70029274467383,4.402178660385216,Express,12.957548986263609
278.49000417653224,38.42020643849748,Medium,Clear,Truck,4,42.77854124885426,3.172054800746198,Express,11.610006427838712
265.7659880212912,39.528143491038286,Medium,Clear,Van,7,114.53189526183431,3.9861956427999212,Critical,14.494842825083188
122.44244086842494,33.416752722061766,Medium,Clear,Van,2,7.860726431679626,1.4224565826615203,Express,5.354016860579881
48.365178367337805,13.38419944951715,Medium,Rain,Truck,8,48.336089516859055,5.202855163933343,Standard,7.534184184299992
448.8134474607567,45.406154019938576,High,Clear,Van,13,108.01686861351678,0.548547185444373,Express,17.164455921474378
450.40819246733855,33.70124943933879,Medium,Rain,Van,7,36.58324117895304,2.796207707494902,Express,12.855396284074626
317.28452572208744,28.241811233531777,Medium,Storm,Bike,9,36.40436678695161,11.201556669291437,Express,17.2219440617861
170.83683594225295,5.993978726067313,Medium,Rain,Van,14,39.8015627844172,4.88203483014934,Express,9.05051982808262
175.90636815710513,22.62924941841806,Low,Clear,Van,6,75.41603925739605,10.023555254660158,Standard,8.319210644970426
363.5259280773792,23.28773442449535,Low,Clear,Van,4,55.40826919565069,10.75326263395916,Standard,11.509924720969646
448.7609094563834,43.295898671372164,Low,Rain,Van,6,88.5745061806344,8.717780140981702,Express,16.774530478262093
443.7690392840284,27.55908689929553,Medium,Clear,Van,15,107.91472389493657,14.380466120480976,Standard,18.45851681807411
390.3780218370967,19.329827174035277,Medium,Clear,Bike,4,82.53292811842897,0.32159799934669886,Standard,14.043517655486996
321.73175978483533,48.851616261277634,High,Rain,Bike,7,28.513672822721183,11.079789758822132,Express,14.656712536103399
43.90170256753432,5.980669369652626,Low,Clear,Van,9,112.25841877145776,14.38179965910612,Standard,6.377958516586722
82.49109961911766,21.41614720144126,Low,Storm,Truck,3,35.41668043496003,12.93407594029409,Standard,6.076617511667294
449.47998588648545,2.5802214209845618,High,Rain,Van,3,22.237843962738182,2.5183903770751996,Standard,18.87524392314084
304.00167171047576,37.125253977963055,Low,Clear,Van,2,15.346237069010503,4.902304593775981,Express,7.7831988924010345
6.580131705081564,45.944789333857955,Medium,Storm,Van,1,69.78913017660905,2.586777598146981,Standard,6.702543487633538
52.53282834728399,14.361847812749227,Medium,Clear,Bike,14,18.08268318527496,9.019625457220561,Express,6.428725392619647
332.4238810158118,42.987913001556485,Medium,Clear,Bike,1,20.95922667295254,10.682819729692385,Standard,8.335973718360398
4.5206687554169065,14.964802407863939,Low,Clear,Van,13,39.503505268482115,4.756106540445873,Standard,6.0940586102969565
82.08240960591434,45.58312300137381,Low,Clear,Bike,3,37.39009611371334,8.092598609764432,Standard,4.974635545929919
275.2694271045599,37.821114228040805,Low,Clear,Bike,14,74.48754368819637,10.363808551067924,Express,15.979808414702543
346.56380845096123,40.34288545365121,Medium,Clear,Truck,7,98.92570713935837,6.320097249165725,Standard,16.52458185442992
326.6767072322951,1.3913245022224978,Medium,Clear,Bike,15,92.55521046333263,12.81023295683189,Critical,12.869689059121859
113.68611611135877,48.15911267516429,Low,Clear,Van,11,35.185712292394825,11.573249029317257,Critical,8.50221823296159
356.6652522310729,36.470214107481,Medium,Rain,Van,9,33.210707268387694,0.9699831577585599,Express,15.394418166330713
120.15004557340643,15.585179221613599,High,Rain,Van,14,116.06602596230128,9.316879486362435,Critical,11.204306712522671
164.04904968331533,41.55503591051292,Low,Clear,Van,2,5.947167783075415,3.5298832643962443,Standard,3.365678774716977
373.75271974877603,14.435299321539032,Medium,Clear,Van,7,106.16786130192482,8.36277397000913,Standard,11.564548148909873
325.5171837255129,43.701315058523335,Medium,Clear,Van,1,27.96877969907657,14.353326639494494,Express,10.061496987199263
424.9132584261006,6.072729325390882,Low,Clear,Van,2,113.9376971553233,13.185930068283753,Express,11.51069062348099
329.491220365571,35.33245588430939,Low,Rain,Truck,6,44.36533775516477,6.067746046726976,Express,12.094725395792352
285.01768446106485,27.26457459392306,Medium,Rain,Bike,11,55.640453997724016,4.372707875165301,Express,14.785742609805997
48.65003437839005,5.27845627467432,High,Clear,Bike,5,86.31887060360381,3.516086166123885,Critical,7.088048012934671
185.1224699235979,12.473744498812529,High,Clear,Truck,8,72.58194091942494,7.987723046347801,Standard,9.222213160383442
134.07077910549927,1.1139997957270822,Medium,Clear,Van,12,41.56302291628462,1.713726798870845,Express,8.886123519372608
123.50684240278362,23.70401429049304,Medium,Clear,Van,11,68.6905553247997,8.23912512192373,Express,6.066881952186856
486.5592562667179,15.412630407620018,Medium,Clear,Van,2,89.03129170173192,0.020004592361880236,Express,13.449385801531895
197.7626668840467,30.118695472739063,Medium,Storm,Bike,1,9.86851877878659,4.857744461187672,Standard,10.892415152643238
446.2391844782024,15.21327148157655,Medium,Rain,Van,7,6.287920104405973,3.299014707458719,Express,14.005919248709606
316.3070357466369,15.345996019595741,Low,Clear,Van,6,57.6776979933825,14.568281849411731,Critical,8.58449826175602
397.8160291637409,37.28806333721437,Medium,Clear,Bike,8,20.16121104740413,10.908634793549684,Standard,15.201268916091818
252.31327236638566,2.883070380928496,Medium,Storm,Van,11,81.39959351844216,5.244800706933566,Express,14.604531495329068
289.29813454392684,45.19330226200337,Medium,Clear,Truck,15,29.61603246615493,1.3926762979593077,Standard,12.452329714028705
247.27381152179422,42.68706178236348,High,Clear,Van,15,54.77787728150216,7.75200892035936,Critical,10.331756932267165
99.23100792342616,33.556331819707125,Low,Clear,Bike,13,27.73215774054093,3.2017182198906347,Standard,5.486093874371676
361.78115340022964,29.864467720315524,Low,Rain,Van,14,68.07561236114933,8.046443188475367,Standard,17.700662486853055
141.82463649554617,44.66897365791279,Low,Clear,Van,8,18.346147829225423,12.530435312683387,Standard,7.784397501199836
14.109351282864012,9.673843886671365,Medium,Rain,Truck,2,7.65728807056023,9.23688828152078,Express,5.25563979248798
323.4452033617696,4.408973528446016,Medium,Rain,Van,14,10.880138382270175,9.506826293175033,Standard,14.086590413183982
90.20111834471038,12.355753410522137,Low,Rain,Bike,8,114.73972077426065,8.115454335942172,Express,6.066050349420701
470.3483750077513,39.831624795659415,Medium,Storm,Van,6,21.36291514025762,13.908984489471138,Critical,18.713968200290758
477.05643134728854,2.2161782029609247,Medium,Clear,Van,9,86.47499911073605,13.97854026630905,Express,17.460970378296043
457.60246632978334,29.348938336632738,Medium,Clear,Bike,12,12.811513485625017,7.690848016103283,Standard,15.206787131534101
186.3390327272113,49.77415705146984,Medium,Rain,Van,7,17.43844050704595,4.5863923071525665,Critical,8.061086563283729
9.69739503137598,42.8569566449582,Medium,Rain,Van,2,63.520768912073486,6.893805088191659,Express,1.9898967893585975
464.30264416868727,26.311561607657676,High,Clear,Van,8,58.46015696774952,2.7983686829342354,Standard,16.384189155711876
215.23570586202254,3.6502250096887963,Low,Clear,Bike,9,114.431735585585,9.54516472977134,Standard,10.030398574047645
483.39409988374746,41.652988962092635,Low,Rain,Van,7,113.6560770973848,7.501385036733498,Standard,16.279073528406926
481.88274859044793,30.149436154771923,Medium,Rain,Truck,4,94.65499389238349,1.5495071671991982,Express,18.270784973559685
426.7987088227453,6.189183354448558,High,Clear,Truck,9,74.24171046464522,2.9647167167942303,Standard,19.585879771994055
148.63554825065367,5.145935598756132,Medium,Clear,Truck,4,57.320436500196266,7.194479342992902,Standard,6.830374636467522
193.77866884375877,45.526527562111326,Low,Clear,Truck,12,45.960531447768425,13.313834860782874,Express,8.221932976103048
425.86606241539477,33.62541301543488,Low,Clear,Bike,4,113.91506790218887,8.49586080946646,Standard,14.601096428745771
159.82715856782627,41.5496965661794,Medium,Clear,Van,9,74.33451331383884,10.223025003127063,Express,7.340413866421837
86.40738784967405,44.00945556397223,Low,Clear,Van,14,71.59334068388937,5.085428246158646,Express,5.605048585809463
279.2870287042584,28.80273142639195,Medium,Clear,Truck,8,31.66862900342521,8.571170895663514,Standard,9.925131865871426
468.2050775320689,26.113594411874544,High,Clear,Van,4,10.370249056788003,6.710697339571011,Express,13.834479646426328
348.6228387441366,21.806156810889014,Medium,Rain,Truck,14,113.69668667234761,9.88694868934741,Standard,17.16122588940555
285.89046270450376,16.188856095660405,Medium,Rain,Van,8,41.0795547671352,0.7586334911851556,Standard,11.70783379599584
50.39389389784273,22.012500062506234,Medium,Clear,Truck,15,55.89773768231275,7.3995032435843875,Express,7.931907958974927
308.2735988961865,38.80704295864274,Low,Clear,Bike,8,18.183593512356286,4.4398893771595045,Standard,11.523477651892922
495.0468173519231,30.29520983524901,High,Rain,Bike,7,101.24629793956858,4.892775919168638,Critical,19.015672174167268
71.76183958778897,44.67990285276488,Medium,Clear,Truck,10,8.177660778432022,14.413761473370922,Standard,7.000268419985783
260.12816687714087,22.44731071176979,Medium,Storm,Bike,13,100.9089376413961,2.7404221906707416,Standard,13.92601182863347
438.9317898201218,30.550934146578324,Medium,Rain,Truck,6,21.132776470616182,4.668678788678954,Critical,13.827798507236192
370.9027716415938,31.74972387805344,Medium,Clear,Bike,8,106.95487295258249,7.648388635963077,Standard,15.196734312039082
349.11383901564346,29.789009534163114,Medium,Storm,Van,7,88.9238532936581,12.945404222244354,Express,12.130442527049038
351.83707382558043,35.28037176773306,Low,Clear,Van,5,23.937080188340087,6.250051248095557,Standard,11.184292104942342
181.02659330743808,12.252956684552911,High,Clear,Van,12,70.06906917883883,11.157979213322566,Express,11.189722322760327
148.2087384437177,25.862006988516637,High,Clear,Van,13,40.95547615085024,12.845611473222036,Standard,11.937113910835059
405.0618554282998,5.6591277390132095,Medium,Clear,Van,13,25.496806374832097,4.650245337327734,Standard,17.004604663328983
405.436470550232,19.53331071841822,High,Storm,Bike,4,103.80595293227746,5.891252753080649,Standard,18.343503375670302
433.8020146528916,24.63951989675259,Low,Clear,Bike,14,51.40511814833138,5.348343355325344,Standard,16.372970641065198
456.7937951731227,32.785100847500885,Medium,Clear,Van,12,50.83252715201899,12.492837129268816,Express,14.515372995945908
256.64851463274704,47.551287103017074,Medium,Clear,Van,2,24.5369676027613,0.6652029293040174,Standard,8.932088007897526
251.75511475422542,30.232227794143615,Medium,Rain,Van,11,49.052552749864546,4.6263163324302,Standard,14.4024300359457
399.55099912545404,37.30789885073971,Medium,Clear,Van,8,105.23593732781777,10.191128363926948,Standard,14.743723106890602
325.68203752732705,25.560169945012536,Low,Clear,Van,9,46.75980170630813,8.48165249348014,Express,11.086821650841088
351.5795048743363,31.8881495531284,Low,Rain,Van,4,114.43440968747562,6.544340389405415,Express,11.129544805710973
398.3047493791783,4.011144698621784,Medium,Clear,Bike,4,113.82552340896456,8.099223408320766,Standard,14.293573996544891
445.222660225148,13.092383251671427,Low,Rain,Van,5,21.663345820344794,2.9637687874247742,Standard,15.599443080019485
170.32158811206483,18.411728113654366,Medium,Clear,Truck,2,25.39079415510416,6.4607493241201555,Standard,7.865009536998138
189.04031041469213,23.88842107282242,Low,Rain,Truck,7,104.20751808816725,7.525544762645236,Express,7.116760802087541
48.80300604075276,2.759612902367995,Low,Rain,Van,15,50.16750567634271,13.517836829319025,Standard,7.8226824544642355
289.98351021609466,7.431192828889225,Medium,Clear,Van,5,5.503007962546073,3.912527442059645,Standard,8.573439655350576
19.89925235077756,14.202308235669635,Medium,Clear,Truck,6,36.495259266117664,13.017427532473988,Express,3.0881394435683673
233.86781302996516,48.590868199602006,High,Rain,Van,4,73.7273342174894,9.66362101238973,Critical,9.246562763267136
272.23702808437315,16.901676851601014,Medium,Clear,Bike,8,96.91558608539633,0.30511246601401476,Standard,11.341030852753583
144.69754355988564,24.361032376548085,Low,Storm,Bike,8,20.33969096572485,10.869470053490904,Express,7.186771861852263
296.2349637633674,10.20683678055045,High,Clear,Van,12,17.712256907924562,0.5332781632358263,Standard,12.776906862646042
17.189124469646615,30.73361351825053,Medium,Clear,Truck,5,111.04065516081813,14.960716902207196,Critical,3.814657159883177
20.59939799710878,14.393819168040729,Low,Clear,Van,12,91.38206229959701,13.089550315367967,Standard,5.7447321827394
411.6550792085098,10.746132632702125,Medium,Storm,Bike,6,72.82465408947903,4.460156213100685,Standard,18.33741377029144
181.37493942280892,26.070345108075962,High,Clear,Bike,3,93.45648084953173,3.861168452950581,Express,5.786515263400544
65.27613530063863,0.7725370584408306,Medium,Rain,Truck,1,54.31825155026342,5.721616231584133,Standard,6.283923217433616
262.0771435072926,0.8793696161366538,Low,Rain,Truck,9,92.22241094054955,5.342504479716645,Standard,11.567502492789647
385.4567894431082,11.34390605054196,Low,Clear,Van,9,47.75734399657161,5.585067275780716,Standard,11.915959725253124
109.4788716934279,2.3177074437906464,Low,Clear,Van,3,33.07087583664927,4.774148191792206,Express,2.5570110324810598
312.19945695786214,5.847274829469223,Medium,Rain,Bike,4,88.8365434486914,9.317001102724971,Standard,12.292411817451194
44.50303756689646,17.273602142268203,Medium,Clear,Truck,13,53.26231359808585,2.4639549558093594,Express,6.158166564591955
27.73749714196663,40.22799113920074,Low,Rain,Truck,7,117.8583669975124,12.689719386690198,Standard,6.170392347561565
266.6146065209377,28.81640784678039,High,Clear,Van,2,45.19079596543161,12.18603726046973,Standard,10.556524208211435
271.2362905618331,25.87705243484261,Medium,Clear,Van,12,110.99865336107258,7.147248117829056,Standard,8.628824445706496
319.44009094610686,15.027696748802022,Medium,Rain,Bike,3,112.29069308521414,12.790949479178215,Standard,11.904313198835021
363.59348419388544,46.621809111924414,High,Clear,Bike,6,32.81308891244581,3.7071760504543994,Express,12.259095753402988
487.9743355723422,20.152244541240986,Low,Clear,Bike,11,96.79543588262153,0.2634818355595042,Express,19.235479467370773
259.11757345399525,4.811091956390689,Medium,Clear,Bike,8,54.80356809162499,9.288118875447346,Standard,10.325192925906416
162.8323235247405,31.044792547831165,Medium,Clear,Van,15,110.51534363149003,6.868641104470731,Standard,11.499598475059926
398.0027249948144,6.135000477091769,High,Clear,Van,1,56.764291353052464,8.50746819443806,Express,14.335656541111996
136.87446112851296,17.58854556868376,Medium,Rain,Van,4,90.5949274937971,13.490091135276046,Express,7.998717910200225
220.6077675114068,25.61689096653154,Low,Clear,Van,15,58.701252053836754,14.548883603489152,Express,8.697580802940632
41.071277908448444,43.7740149719162,High,Clear,Van,1,31.197086906978463,9.516797096334045,Express,3.861341750428494
14.62467022089784,24.930555726835873,Low,Rain,Bike,2,27.925264828638923,11.460833847786576,Standard,0.5
481.39891050960665,35.26180891856738,High,Clear,Van,8,53.92458733947974,1.257126502307464,Express,17.773999587212103
418.3181000150785,49.64443353045398,High,Clear,Van,6,91.88188555663471,2.410733773372584,Standard,17.159343684515314
348.5951546346616,7.00871143495009,Low,Storm,Van,9,74.58322079578818,10.99807207429465,Standard,14.803340534671596
205.6585663183064,14.099210513216216,Medium,Rain,Truck,2,84.19236833856247,6.4704818458200295,Express,9.219574264958466
88.3005713952812,20.031515742083496,Low,Clear,Van,3,37.46753033417338,6.6894790560660855,Critical,1.580402721849527
79.90564725020086,21.380494837672153,Medium,Clear,Truck,9,60.36506478512463,4.629115224531549,Express,5.516493801310993
126.62096328596847,20.845543225644516,Medium,Clear,Van,9,10.105455471472606,9.110345752166157,Standard,5.860278175432221
275.514879023648,45.42674462654947,Medium,Clear,Bike,13,99.01622783518387,2.777475681243039,Standard,14.043877725214443
357.868769504631,35.84461590110939,High,Clear,Van,6,118.83759865758559,9.403744189708434,Standard,15.095766384787979
330.7782936054302,30.591308097489836,Medium,Clear,Bike,14,51.79109220183715,2.606982857028595,Express,12.385821794951204
141.40708067907954,15.813949534207714,Medium,Clear,Van,15,6.260820110127485,0.957390520645704,Standard,8.369294153633355
477.52290977027064,41.277624018954086,High,Clear,Bike,3,24.52615354835895,4.9553653304859155,Express,14.494049320320482
369.4726645144927,47.775495318506955,High,Clear,Truck,5,80.04059094129816,3.467105130147715,Standard,14.582989238467864
278.06831815067756,41.14931498623621,Low,Storm,Bike,15,75.3891215934438,13.334874578344985,Express,15.114252597070436
306.6369316247074,0.5774727069779088,High,Clear,Truck,2,95.60444275233755,0.824301808029399,Critical,9.790424311646845
210.96083108903937,32.001867824078644,Low,Clear,Truck,7,34.19666126052284,2.6492053886118425,Standard,8.166705609900626
125.37003277157642,3.031201381383986,High,Clear,Van,10,92.81767028792042,8.230794083745742,Standard,8.139396749448009
179.27439396832827,13.251557406519233,Low,Clear,Van,11,84.11816247522202,7.216007862712105,Express,5.904038353463674
379.4073630112558,3.4464726672146986,Low,Rain,Van,8,42.12366723709198,0.6877802756205231,Standard,16.412794360043364
9.167957337618422,30.387874920994694,Medium,Clear,Truck,6,67.73113702655063,0.10878642022716711,Express,5.874100271762042
59.80417497244429,34.48620071788404,Medium,Clear,Van,8,21.93648797730757,14.821019129417248,Express,3.6856994901571265
24.90931572683287,6.167138084262303,Medium,Clear,Truck,2,57.044917895092006,9.882520505382573,Standard,2.769824513867104
22.28294355484713,19.500024710726485,Low,Rain,Van,3,106.33769404889871,5.481091963523353,Express,0.973013895772826
428.0193708374816,23.08370719329933,Medium,Clear,Truck,7,53.43700867991994,7.0564837149486195,Standard,12.216993825930246
352.4216139712518,18.76812457716537,High,Clear,Van,10,101.55017124467352,3.998251806814304,Critical,13.058691590055059
238.13856688548793,6.490737524017056,Medium,Clear,Van,12,72.87913700486486,5.1731067553981465,Standard,10.868073146069916
50.72141200419873,21.237915614280034,Low,Clear,Truck,1,27.06582200677103,9.73566700902321,Express,1.849884950348619
246.8247058081825,37.6833133665167,Medium,Clear,Truck,7,71.82721814025808,13.24217698301056,Standard,10.765689803999917
237.78894184872172,4.014879394396146,Low,Clear,Van,6,63.1880828530623,2.7619503462177732,Standard,9.670637206127308
88.25453121518755,4.468910697054221,High,Rain,Bike,8,50.84375354758416,12.60542258077978,Standard,8.89631900750507
218.05812132051057,18.061178945881217,High,Rain,Van,7,18.75750054434809,1.823349442774036,Express,9.652414974080285
200.45535772989197,47.11542272513679,Medium,Clear,Truck,4,52.92149634243143,3.2248833538258683,Standard,9.310213057413591
308.6933488300038,33.59434601278424,Medium,Clear,Truck,3,13.367673267557118,0.5576293207446897,Express,11.212383534271467
318.2766381320866,34.094162855291955,Medium,Clear,Truck,3,16.358440910856395,2.1121779313949918,Standard,10.339233697157717
24.56139686647817,18.415039546474315,Medium,Storm,Bike,15,52.83040128726234,13.759547181960759,Express,5.504210954449035
188.55708208398266,29.886209164822652,High,Clear,Van,4,40.11887042637333,6.891581199275679,Express,10.744086974383169
313.6782380256897,1.0014936093732971,Medium,Rain,Van,15,111.4375974741557,1.1649879266753032,Standard,15.280101831603561
252.5618567728837,31.986754297272338,Medium,Clear,Truck,9,48.206167618731115,14.39590257058442,Standard,6.237227527737874
428.5319409117845,45.70770390502372,Medium,Clear,Bike,9,92.15368403829152,13.184884616379751,Standard,18.68274253247507
330.0294285462346,30.82238668306855,Medium,Clear,Truck,13,65.97846553211792,11.32023781302212,Standard,12.733859809139172
83.14134468655199,43.74808037658408,High,Clear,Van,2,85.96985189386858,14.002091879213367,Standard,10.564844151136423
37.14323620541406,36.33666624557164,Medium,Storm,Bike,5,34.9133380467709,3.3019413125364623,Express,7.62655985208159
321.9248005467452,6.467641611982668,Medium,Storm,Van,1,113.31907187640785,12.545539395151295,Standard,13.699122411952452
15.202632649727663,45.17143871064916,Low,Clear,Van,4,65.96017714515875,10.349867945314593,Express,2.810556891293209
293.7162394741847,3.7889702956108566,Medium,Clear,Van,2,100.60226819780371,13.046388743515326,Critical,8.521204634206038
470.2346602296289,26.931389891114307,Medium,Storm,Bike,8,46.98025474975305,11.953673486139447,Standard,18.737419067992953
288.58614058218774,7.535787627776155,Low,Rain,Bike,4,16.52430514081032,5.197425947652375,Express,12.634015902567251
195.30862325084792,1.0794772311797511,Low,Clear,Truck,5,82.4768394878976,11.615978055258834,Standard,5.876057046007183
322.3575327842919,21.39069587631813,Medium,Clear,Bike,11,5.892359558803816,3.9368445447733547,Express,12.593080354069553
230.2099394647753,15.104515028880733,Medium,Clear,Bike,4,59.658692305033455,4.928882445420823,Standard,8.020926954805834
273.7171610793356,24.557024442981348,Medium,Clear,Van,5,27.172218806642814,1.6185857583446421,Express,9.520486112366815
470.84947477070955,29.071394393360265,Low,Clear,Van,5,77.14818301006665,14.026149239707031,Critical,16.63695551252157
194.27911362478557,2.6650840792928943,Medium,Clear,Truck,5,117.633285410853,4.365050451004223,Standard,9.723644228816903
480.67290078430926,6.5886631086254095,Low,Clear,Van,11,58.406334226874286,7.809336977571777,Express,16.122665283067114
452.86461969411977,28.152798624296054,Medium,Clear,Truck,3,99.01229950045166,5.86999254699289,Standard,15.203524957921568
99.50398512506963,17.486783982046582,Low,Clear,Van,7,63.39518149937892,14.398921808752522,Standard,9.177919757703513
36.5419278358324,36.594087633697676,Low,Rain,Bike,3,62.02160357696277,5.025737564077236,Express,2.6812311331256033
52.187444685958475,32.788436605301015,Low,Rain,Bike,2,111.99870171555945,11.678187321340335,Standard,2.7043117326552735
11.074469174471764,42.35741596800039,Medium,Clear,Van,3,107.34607490586838,12.8312423194677,Express,6.116145050765059
49.032594456452344,34.77839492012665,Low,Storm,Van,11,95.36705349661706,6.534097462214489,Standard,8.058156205711402
342.1373731613457,21.781588330812333,Medium,Storm,Van,3,39.06941163143017,5.672577216793969,Express,14.637476608372392
37.45194693319404,33.811847808524405,Medium,Clear,Van,8,67.67596780825316,11.216187313989419,Standard,7.7814782597963585
160.84986388629312,14.131368125643217,Medium,Clear,Van,4,30.748181830153776,13.693439704593512,Standard,7.289795968345163
422.74790486278835,15.662518189521528,Medium,Rain,Bike,3,56.050420275352074,11.323975996083574,Standard,17.96950880559014
13.589423996441282,39.55476541607927,High,Rain,Bike,10,60.68450256237592,3.4068954838779844,Standard,8.22928908675386
407.60530432929,22.597766061878318,Low,Storm,Van,5,100.63860461947306,13.32461621156558,Standard,14.941587410118808
142.36367783715318,40.01982685565845,Medium,Rain,Van,4,108.0432620123742,5.8137250115524965,Standard,5.493134702003461
60.84608415558481,41.20990749657978,Low,Clear,Van,9,52.68130717559495,8.643441176669015,Standard,5.476559927980192
348.97510835134705,42.94933571423355,Low,Clear,Bike,8,7.0360111834222785,12.471534289390666,Standard,7.999549201864875
315.2135376963822,45.87344417413976,Medium,Clear,Van,11,104.10399157577578,2.825921511007383,Standard,14.191610755210641
438.9810627364724,21.833768415408166,Medium,Clear,Truck,7,25.04204802765648,11.767652035163296,Standard,16.521138851885194
368.06537981433513,16.283907506896373,High,Clear,Van,15,76.51642584739525,8.942441968660162,Standard,16.280801508673463
402.1335033316546,29.318837956408636,Medium,Clear,Van,8,7.871653549925087,13.400124627414124,Critical,13.036734449413952
142.45321714051062,18.873034960162563,High,Clear,Truck,13,50.94324465496489,2.5795560276531444,Standard,11.626059692394762
90.36489280230197,30.25317125661153,Low,Rain,Van,5,118.38543474326522,6.310233555613927,Standard,7.885437128935356
375.80614631714747,35.42650020086932,Low,Clear,Van,4,16.579764126937356,12.49264639300256,Standard,12.96655020885992
403.8037001550975,34.57604841536077,Low,Clear,Bike,7,53.72471247995887,0.2884755518514026,Express,12.91812282004259
495.27156071633533,19.040367907496005,Low,Clear,Van,1,40.3222442718445,1.6830205014846427,Standard,10.707237811708431
207.4836031018904,8.759579984088264,Medium,Clear,Bike,6,109.08513418965039,14.85847819135102,Express,10.297192797606442
187.26500672480603,21.811202253879273,Medium,Rain,Truck,15,104.97411240934585,4.205912678855258,Standard,11.742043212660416
388.6536544495144,7.558410132054482,Low,Rain,Van,8,32.335357435216316,14.6331479058593,Standard,11.914436865263228
171.72016304600288,44.559803241598516,High,Storm,Truck,7,14.336595510799585,2.7379732651301087,Express,12.72782442739313
465.5171481505752,17.620934306523942,High,Clear,Van,2,77.1209153170285,5.416416645110035,Standard,16.590849768166116
429.4895504178199,8.145757487554526,Low,Clear,Van,14,43.68240186662662,11.29304166755356,Standard,13.407698583381409
215.63902563275914,1.7596641153346684,Low,Clear,Van,13,82.28970491969726,9.866676108572678,Express,6.981803364422273
375.9337917601657,32.46820812118097,Low,Clear,Truck,14,8.693771947798664,8.716835998935833,Express,13.443642776521177
377.7623512941718,32.02666471400979,Low,Rain,Truck,7,20.340912045411283,7.948487637075114,Express,11.475802685016582
53.35568668029444,17.35990624577394,Low,Rain,Van,13,83.932806768854,12.651606654971104,Express,6.366995388425274
451.4713475264242,4.0497384979587245,Medium,Rain,Truck,6,29.422625359787244,3.524228442500891,Express,15.819800165414055
253.61568147903287,20.776630297313986,Low,Clear,Van,13,103.62258271267618,6.637063904902776,Express,11.982294157104672
413.57581812165535,15.905266005637982,Medium,Rain,Van,5,11.737952086665574,2.3317843823468594,Standard,17.80421389641142
161.38470131324465,34.01747166688296,High,Clear,Van,4,29.78042802034108,8.939123935960566,Express,8.50049358855352
447.97056779110784,30.486072847908172,Medium,Rain,Bike,1,119.8344285757829,3.758166364069803,Express,15.006199570444634
195.82243600961323,18.54738954577823,High,Clear,Bike,13,54.803751797481155,5.0076309651507875,Standard,14.018765386904981
7.397150437188584,11.28568143562201,Low,Clear,Bike,2,85.841051307634,7.068760749352922,Standard,3.8736952614538
452.8802242567933,49.4077803247018,Medium,Clear,Van,15,26.006250618556574,0.4015587855469177,Standard,17.411709508965792
47.46076503949451,22.973080249207687,Medium,Storm,Van,7,75.13490452333684,1.3790690388125648,Express,8.432301841672892
161.0181915200266,34.569574671121735,Low,Clear,Van,10,88.50219786248313,10.288938310623294,Standard,8.034834836204398
475.13085959130086,7.457371895128858,Low,Clear,Truck,3,41.16481312464871,6.434549710762608,Critical,13.17004509438846
475.4023591749029,24.53669013314019,Medium,Rain,Van,5,100.32316787722594,12.971853329998432,Standard,16.78531518523253
287.5720682853965,1.8630676335385417,Medium,Clear,Van,8,74.39302152431257,10.420080054662991,Express,9.130915054221273
316.65493166056,25.52002833656727,Medium,Clear,Bike,13,49.74914610572847,0.12151412470983669,Standard,13.304613093121478
225.32586994520324,48.21886165232627,Medium,Clear,Bike,13,69.12887523446324,9.250684961507023,Express,13.35186010337647
148.01896430563613,19.518232292797112,Medium,Clear,Truck,8,71.3274974551313,1.4058729908957464,Express,6.468879640375629
165.67494359421815,2.4303026224581235,Low,Storm,Van,6,24.036558659794593,11.713997696857414,Express,8.09129994605013
336.91419112636515,2.0323116505075047,Low,Rain,Truck,5,51.31422253470111,14.87261532417753,Express,9.636326611134045
376.6825156599646,19.705344617370038,Low,Clear,Bike,13,44.49451762224171,7.967981913622673,Express,14.563856439191985
396.2063637754726,8.421234354928105,Low,Storm,Van,2,51.103813096599495,10.241692502911956,Standard,15.679611860814022
395.22983511168786,1.6559287682452026,High,Clear,Van,9,92.52771767580467,3.5597124134212734,Standard,14.056059694357954
47.4206393182478,37.93257389053375,Medium,Clear,Bike,1,60.49191685866735,6.563966156306903,Express,0.6901553046579094
248.2213117418856,23.19688893965359,Medium,Clear,Bike,11,113.13635762251539,12.841429983545755,Standard,12.696016988022217
30.664262488288852,14.8176162126464,Low,Clear,Bike,2,38.772787536220164,2.511344216193768,Standard,0.5447898042016841
275.6653833972203,45.0541175593158,Medium,Clear,Van,13,52.80591150276683,3.9830340842064316,Standard,13.68419545816869
221.88218968394176,6.248878529926017,Low,Storm,Bike,1,95.50003320508976,6.681505129290453,Standard,9.562418560436718
444.07668301363327,47.8179820332883,Low,Rain,Truck,12,67.79282823188629,10.683733377660209,Standard,17.647850912848032
176.75567625093518,16.041352510178964,Low,Clear,Van,4,67.90823683881149,5.638259321935108,Express,7.01505530236702
60.29937418094772,44.47598177927972,Medium,Clear,Bike,4,11.134118745596105,13.915984196745057,Standard,3.546912965755838
73.20985766231226,30.345672385733348,Medium,Rain,Bike,5,50.83896121262242,1.4168557690307875,Standard,5.520336811339878
381.2322945953012,41.42201430720363,Medium,Storm,Van,5,36.134379228499235,5.562062963172712,Standard,17.026962681042065
309.872595531498,49.20865157891798,Medium,Rain,Bike,8,119.92353912557827,10.634311851426329,Express,12.559776077555357
52.35909270914954,14.776069172027913,High,Clear,Truck,11,40.460833122715684,3.389801484922387,Critical,8.344026651175504
43.88518944526872,48.07620652767585,Low,Rain,Truck,15,106.7171015012943,9.846197013445094,Express,5.956505299642452
351.0826274666418,19.779353797669806,Low,Clear,Bike,11,82.7668795296549,2.463254373410189,Standard,13.49395385425879
38.235977169368375,19.582839284477654,Low,Clear,Van,3,44.2053870570904,0.8397042729252957,Critical,1.8612117333290643
411.2863095265974,17.349161660598032,Medium,Clear,Bike,6,67.50645351302421,1.815235751229733,Express,13.788434341010191
353.7086291239351,27.299676563705468,High,Clear,Van,12,101.66162619415728,13.94977174701202,Express,14.063369035086819
42.51169275966608,8.130179637335111,Low,Clear,Van,13,106.58735427355487,8.27626324409327,Express,4.764833081955769
44.249181614425574,27.908718525221552,High,Clear,Van,12,23.4452956257067,11.945186632194735,Standard,3.1857690573726254
493.3465100935854,27.3143882142952,High,Clear,Bike,3,44.050911238939506,4.989817513575768,Standard,15.753013086339065
188.38685628654792,38.21413972394107,Low,Rain,Van,13,43.550665724560744,8.8898797182817,Standard,9.168478777871032
186.57978923931168,41.76567311591049,Medium,Clear,Van,2,9.83515154873364,7.424282005574874,Standard,7.2042155717047605
406.7741844942363,22.30184684046499,Medium,Clear,Bike,8,73.7973423829681,14.18606939103441,Express,15.661795300970365
473.72979153716165,15.46549584289894,High,Clear,Van,1,103.30430609410162,11.213619540811655,Express,14.819738343574706
493.0285297837897,13.337077417196177,Low,Storm,Van,9,48.881054599934544,10.958139472448686,Express,19.894994217650655
377.18233625895294,10.13387991689116,Medium,Clear,Truck,11,90.10413367318036,0.695299041514193,Standard,13.342876290498456
189.37727359439606,3.3535553188517317,Low,Clear,Bike,7,77.18554756408508,8.245045035055366,Standard,5.918976992845727
43.583356915937046,17.45117495231831,Medium,Clear,Truck,12,48.19960458169509,7.004871808527223,Standard,3.023227527039494
389.01916413186353,13.87726076047377,Medium,Rain,Van,10,21.221876941614163,13.917633999092917,Standard,15.541772148470855
280.08531636843094,48.33766060038717,Medium,Storm,Bike,13,86.57224306923624,3.8601298228429837,Standard,16.140693179695038
213.26256060499418,28.106586899377174,High,Clear,Van,15,103.27499442824265,4.047501799366414,Express,13.45186700870276
453.3644837771785,17.690213432010125,High,Clear,Van,12,83.87326662617157,6.170193733222506,Standard,18.256567779578173
57.376346188463366,29.23314624918795,High,Storm,Truck,11,7.0560256640040775,3.6505457010956404,Critical,9.597760582297237
247.32730193684785,7.390236716611928,Low,Clear,Bike,4,29.866782854963994,1.9377587671312424,Standard,8.601562753422652
7.6541150941746965,22.480165585509045,Medium,Clear,Van,3,12.990198261606169,12.861222699762012,Express,5.298718031481773
235.3929997130749,31.49859891034266,Low,Clear,Van,6,70.59440145126608,8.374147866058738,Standard,8.158563585220088
30.039031289555002,24.700442673726343,Medium,Clear,Truck,9,91.99493306664742,12.920440784348502,Standard,8.390087296114697
61.17132230149981,20.38805063238905,Medium,Clear,Van,15,17.716606512895837,12.467021481055438,Express,7.1275669381363995
60.52807089499823,49.69549525053506,Medium,Clear,Truck,9,101.4088493682393,4.2306353218450665,Express,6.954111843295188
325.3067304537997,44.07558072637189,Medium,Rain,Truck,4,68.88353251548057,8.21606166486411,Standard,13.923554750864488
373.5303498741808,31.358594928892284,High,Storm,Van,10,84.34643639629836,1.2482655411010568,Standard,14.277428153164388
292.5176450183855,28.684179378522998,Low,Clear,Truck,5,116.71121258999432,13.728778260461375,Standard,10.002091860452797
481.1619291403219,31.22269375131691,Medium,Rain,Truck,11,14.623313648485192,6.063940725977297,Express,16.124960726200378
188.68554860280463,10.464949337210445,Medium,Clear,Van,13,108.64076264244576,5.90514275833532,Critical,12.81018638897585
144.28461896836666,20.05931829158377,Low,Clear,Van,9,19.501810038552073,4.541330559269298,Standard,6.0482757669743625
434.56236583835124,2.4532468780995162,Low,Clear,Van,2,50.190262763218456,6.909956170660557,Standard,12.382042791170244
113.35072758268741,24.03952885559792,High,Storm,Van,2,102.91545007807815,3.776390798181721,Critical,10.209225289853258
481.6848246414244,27.379716905904328,High,Rain,Bike,5,109.21923722485484,5.622784091952068,Standard,17.078736890151053
8.052928395528538,11.773611937108875,High,Rain,Bike,1,63.232742457691714,11.999205728773228,Express,4.016419627638916
484.9996557004042,48.21942793469293,High,Rain,Van,8,73.32203340167389,12.513832553777577,Standard,20.55294077715932
23.493636151386905,45.51800324139348,Low,Clear,Van,5,86.43694347883408,4.562737164427742,Standard,0.7271346111962442
445.7892706216394,36.24609015506734,Medium,Storm,Bike,12,100.76724687206213,7.035216458291819,Standard,20.28324999652115
264.7951523249773,26.90263812388545,Medium,Rain,Truck,10,18.97378449683161,13.107296644200783,Standard,10.374592244889016
496.49646846741155,43.563473402560405,Medium,Storm,Van,2,98.15797044636118,0.790099977445457,Standard,21.36203392607493
38.75068923822863,6.967291019261414,Medium,Clear,Bike,12,60.346757308835926,13.33717442993678,Express,5.5563333575652365
277.81943363185775,39.63023481660681,Medium,Clear,Van,9,56.82169388743944,3.287765184784975,Express,8.91063725808836
484.7126627383113,6.67863029135899,Medium,Clear,Van,2,53.748471479654796,10.178088663215638,Express,13.531636309287812
262.5027263967341,39.81342779619557,Medium,Clear,Truck,7,63.5593323032949,8.738275445769004,Express,10.953290592066951
315.44052179136077,14.15049462844217,Low,Clear,Bike,8,113.68081364037941,8.294111222838781,Standard,11.07474468437584
348.48284711433934,43.91598376040035,Medium,Clear,Bike,14,68.04343387109743,12.89040337129232,Standard,14.489396505257373
228.36145025435107,47.230083644357194,Medium,Clear,Truck,6,114.61541690026101,1.523582154669919,Express,10.203074086044381
314.5239238818636,7.865400485553224,Medium,Clear,Truck,14,25.73336502079867,5.205420379884541,Standard,13.981894298259078
292.98852733770394,23.402442450736977,Low,Clear,Van,11,88.27563756575282,8.073791195171484,Standard,12.071454485184738
450.7766892245125,49.058875219052915,Medium,Clear,Truck,7,98.40754694000593,12.169332809190596,Standard,15.827105031347214
24.632297410046018,24.428668080670757,Low,Storm,Bike,11,83.09981560350911,3.246646251175073,Standard,7.876446000989193
141.9196684169307,43.24560236446998,Medium,Clear,Van,1,74.79606222605214,12.043947620614144,Standard,4.98821949390381
475.30491907012623,29.64221034550033,Medium,Clear,Bike,4,69.95346982491097,5.994577237409036,Express,17.22798769614147
445.3513643776763,19.07883044202029,Medium,Rain,Bike,13,104.00700549655004,2.833707846505431,Critical,21.89802311480141
228.91706288728506,14.646285998530574,Low,Clear,Truck,7,99.48935867391751,11.38479660665224,Express,7.8855774321537995
310.8260337051653,10.55954300876132,Medium,Clear,Bike,1,19.063202935768945,1.3634835221182173,Critical,9.474812288415494
140.13582912460407,38.20901047319601,Medium,Clear,Van,13,102.58758055855098,7.721510611131644,Critical,10.2212918426581
95.68433754243313,19.63375508773988,Medium,Clear,Truck,1,52.61789123565089,0.9581367579283262,Standard,6.793908498125794
232.92180566011112,25.80813537893718,Medium,Storm,Bike,11,34.17513544951824,5.346267827366813,Standard,13.673883018959923
177.9694095569743,24.870111260058504,Medium,Clear,Truck,6,105.02338532160148,9.01615198509589,Express,6.757667924577811
292.6607437017343,29.075311947039996,Medium,Clear,Truck,4,54.68285195788029,8.341733122308197,Standard,13.402411425364873
40.71184920856245,43.34606870841534,Low,Clear,Van,3,97.96193937033392,6.069831268569998,Standard,5.022588762533998
487.2486142177509,49.04659750737976,Low,Clear,Bike,12,35.29141537492212,6.435719909581735,Standard,16.6138058665131
493.1329507508422,20.67541832440394,Medium,Rain,Van,15,5.451871963555047,3.401543300261498,Standard,17.483574329981458
349.6845335818331,41.462186644262005,Medium,Clear,Van,5,61.97780718383861,6.838238826361543,Standard,12.721183025323118
268.97599043937197,38.344125835408526,Medium,Clear,Van,9,16.52624951393169,14.298822835812514,Standard,7.804252678356285
156.14475291059122,28.889683097050877,Low,Clear,Van,10,91.7532348853646,12.756793766756855,Standard,8.839088086751335
407.2699198140604,47.82433360879069,Low,Clear,Truck,10,36.74864064798219,2.178493036145157,Express,15.030058994440159
342.9961239318319,10.423488518655939,Medium,Clear,Bike,12,56.01924935940005,0.446711809813814,Standard,13.930256433910017
82.98323579375587,5.9085784103262595,Low,Rain,Van,14,15.008859985528739,14.002864690749458,Express,4.642821916566715
455.64173787793356,42.771117364293396,Medium,Rain,Bike,14,37.965813571434055,7.901246248211215,Standard,18.64999649951621
411.6235469757382,22.23791592337054,Low,Storm,Van,12,94.87137797473578,8.067567347239615,Standard,18.82094832509276
475.00035681937817,42.424958283249495,Medium,Rain,Truck,11,22.43260986876674,11.710769935597835,Standard,16.39728926556734
363.40831517740327,44.70796515717304,High,Rain,Van,10,79.4233495296001,4.720334608069898,Standard,18.421082501555762
307.48076757602337,3.591650884144036,Low,Clear,Bike,3,110.50397307251764,7.228613532540033,Express,10.46457324012262
210.2850320727282,44.231505767810006,Medium,Rain,Van,5,83.18122737213783,14.529943697201064,Express,9.42655089818432
466.4987847102986,22.6917932407864,Low,Rain,Van,10,98.26749426860609,10.082230303986107,Express,15.442283866785111
433.29981697120337,25.766408205709496,Medium,Rain,Van,5,17.531737369950317,2.306175479936789,Critical,14.368813469335574
24.518897712882325,31.516329299113906,Medium,Clear,Van,9,33.83415999023626,1.9984012197652996,Standard,3.5557896023268287
15.130753299631499,46.35593903313929,Medium,Clear,Van,11,107.87196800766797,3.0639713749950808,Standard,6.635906773946546
189.4787567052687,1.4462466742733195,Medium,Rain,Truck,12,87.23714556608026,11.500675116310763,Standard,11.583208141055202
405.6555587293528,24.103751681731946,High,Rain,Truck,10,78.54869003339078,4.430655057609241,Standard,19.52119821074935
493.66351239884233,34.54224110031275,Low,Storm,Van,11,81.3331746539955,0.3208327001261968,Standard,20.26905912215457
76.90761176955704,36.27399440606231,Low,Clear,Truck,4,52.63306374503399,14.162615452584928,Standard,4.718869006482675
297.8770962453633,34.78035536108685,High,Clear,Van,1,10.12401263603012,2.54570124592366,Standard,11.086281224587765
191.6836466022487,7.154538905702032,Medium,Clear,Van,10,95.21077733813384,0.14337279222102872,Standard,8.525048320716506
485.0173701116724,15.32008162439822,High,Rain,Bike,5,83.05202216476569,3.5569740357498447,Standard,18.064682825318666
421.3752237215829,18.256418508142165,Medium,Clear,Van,1,59.37251337296334,3.5254318067720054,Express,15.021785976720118
419.48769494614663,40.3196417801355,High,Clear,Van,6,108.47235576734961,6.3300787626858455,Express,17.091573524185925
235.4091935778952,14.298613684520374,Medium,Storm,Bike,12,43.65836147328637,13.805847472500552,Express,13.382471249961155
208.58011216415727,10.929895711426557,Medium,Clear,Van,10,38.84700058659213,13.187773766686469,Express,5.894048111601858
138.15672182149171,47.89367694238576,High,Rain,Truck,10,105.37157738413592,6.853418324736419,Standard,12.131865370408802
30.074997332161704,0.9387326131167105,Medium,Clear,Van,15,96.65358029728333,6.163498574877098,Standard,4.484735031984167
432.6317433750165,49.89213235625792,Low,Rain,Van,7,64.22267822455964,8.32513629712277,Standard,13.514289365071763
406.8247025467786,34.00265429344108,Low,Clear,Truck,1,20.034495037652746,3.6518101795764863,Express,9.555469998072233
499.85940129649305,41.5092303227313,Low,Storm,Bike,10,29.733219218481032,0.7827748794954426,Express,17.585360932640803
498.3251448628049,15.083660119136562,Low,Storm,Van,4,80.46621889701277,14.0883620425681,Standard,18.93652790336072
278.60498939010847,1.208606244519469,Low,Clear,Truck,9,49.27974235164734,2.8004847731575913,Standard,10.402479534980968
384.9557327598942,37.024541168795736,Medium,Clear,Van,13,101.19441704158669,2.9760109386857456,Critical,13.559834586514649
472.49333348144916,41.790157551533454,Medium,Clear,Van,1,114.24482607320347,7.086904932809214,Standard,14.655535738450096
425.1244005573509,37.1535685316992,Medium,Rain,Bike,9,97.6482464066156,7.374200172604961,Express,17.10969612256431
125.17935466811244,7.57108922139151,Medium,Rain,Truck,8,48.41772364448907,0.27651314551112915,Standard,9.45971306653759
226.37097938442656,37.79468215171997,Low,Clear,Van,5,95.69893936161377,2.2193210816095603,Standard,9.286258935744547
66.3213887454445,38.561677714328226,Low,Clear,Truck,6,45.415792449128595,5.6723222784111265,Express,2.3333208799934715
477.11741157484374,33.097755525667715,Low,Clear,Van,7,24.216510093047898,10.255960402658086,Express,13.385972218460438
303.8749679565383,38.42273867338152,Medium,Rain,Van,4,8.8402185595736,3.4262768524790377,Express,15.013734061638914
115.86411714072443,42.37311126404774,Low,Storm,Truck,14,49.357421967517304,6.34521669362644,Standard,8.654368943667475
336.5069408341167,30.873403654754192,Low,Clear,Van,14,108.90931992518742,8.360175970747003,Standard,14.010678678618124
309.82786374803214,4.885933341499113,Medium,Clear,Van,6,32.4834575919028,13.32888741934938,Express,13.356881081153205
180.36503358035458,24.63757657852694,High,Clear,Van,7,28.74901396692516,4.8910575349068495,Standard,9.317809004436153
58.551680915415254,4.343642066244451,Low,Clear,Truck,11,116.52939030271963,2.0033739879522527,Standard,8.597870167039266
336.4434514052142,20.673380036105325,Medium,Clear,Van,15,7.875472977818093,7.339083388464124,Express,11.790602394722256
261.1132350500891,20.651771211718568,Medium,Clear,Van,6,95.36494729528175,11.200824025260932,Standard,7.5716113043568525
386.6145590843484,3.767487284941958,Medium,Clear,Bike,11,41.95754491020009,1.6478963557910014,Standard,13.290534011654312
261.0414235537727,17.766616431489226,High,Clear,Truck,13,9.311115040010822,6.370252375454406,Express,10.912900618719702
426.386387158633,5.994405890170085,Low,Clear,Bike,15,110.54729212410211,0.2667771189372514,Critical,12.660204899425771
276.8496057096938,40.5076428954565,Low,Clear,Van,12,21.058867974102114,0.503387724708767,Standard,10.335252239292089
281.34710982462235,47.4105572852413,High,Clear,Van,6,68.45461762845497,7.244300448249984,Standard,14.263013768093064
438.5734941238558,4.079665525267961,Medium,Rain,Van,2,36.516233854397996,4.472959472263941,Express,13.293628480520283
202.9344673737737,47.77820276093922,Medium,Rain,Van,5,12.49717225123947,12.676609485081181,Express,8.368931677775597
68.73958376841908,26.367541667168886,Medium,Clear,Bike,3,10.741085851288595,9.032314591896814,Express,5.837366145419953
16.33377280404281,15.328501058716759,Medium,Clear,Van,7,18.28902036617896,6.808994426144856,Standard,2.6629738063690778
378.05835332546224,4.304672726170094,High,Rain,Truck,4,13.207206597278706,6.119030565814445,Standard,15.65814560095673
310.9141565740254,25.280901269485682,High,Storm,Truck,1,92.46418328479113,7.458682202843449,Express,12.40214097902335
352.63172451341336,39.828519452292056,Medium,Clear,Bike,12,60.84011326259436,0.6065824681899201,Express,12.369825921858498
108.05615243143754,35.500780624701555,Low,Clear,Truck,12,44.432590505132666,13.3919003463099,Express,5.6112839945682955
69.91299484221135,2.9861875674667013,High,Clear,Van,6,53.112424665180825,14.974547336009374,Standard,8.144664602034972
9.2432435026052,4.1086408507112235,Low,Clear,Truck,6,111.82887459085168,2.72230687288048,Standard,2.15695489436994
176.5926042856853,20.44222749031554,Low,Clear,Van,7,109.73645846488692,1.805744471619296,Standard,6.779216499904487
295.7790080536073,15.116879455373192,High,Clear,Van,15,87.30279521409635,2.1536619517289286,Critical,14.591244189058726
197.3375344596667,12.003023991274368,Low,Rain,Truck,11,106.7384734034941,9.915405873515507,Express,10.347058909222765
219.86251116781708,14.409722695981323,Low,Clear,Truck,8,41.75952317257685,9.921612576761621,Standard,6.663561432465715
452.27102985788673,40.27239579319579,Low,Clear,Van,15,48.82757249095253,12.718862434176165,Standard,15.005194449457129
175.43122257760356,46.496788654776765,High,Clear,Van,3,75.57690091323623,11.2773958263938,Standard,11.069050613941297
257.96676560158573,20.552583379114537,Medium,Clear,Van,14,76.71698393918538,6.745345100540096,Standard,10.238234262953952
392.25920034508925,45.352494605558604,Medium,Clear,Van,6,60.39548137141921,9.192830423479782,Express,13.856015095799071
199.47830559599254,16.414037211770157,Low,Clear,Van,10,51.075652570364625,10.324270055520119,Express,6.956804993330144
311.799176713481,24.083630824017686,Medium,Rain,Van,2,118.41073583499994,7.6910470542783775,Standard,14.773392953610758
431.4571269558791,11.688435391891986,Medium,Clear,Truck,13,99.4292170035383,7.13476476677455,Standard,17.140144352847877
474.8612705815058,32.20356408770428,Low,Rain,Bike,14,55.0227227571252,9.676461684639799,Express,18.248643773014624
75.2425935026609,48.95956520115304,Medium,Storm,Van,9,88.63863488255038,8.362118234634806,Standard,9.138261122007092
463.44063733042424,30.372908254147244,Low,Clear,Bike,2,35.999594724032846,9.659134580038655,Standard,14.52401204458756
247.07391395361003,18.21179716362067,High,Clear,Van,3,16.519472517292936,9.192821609450458,Critical,10.678261127791927
130.60570537288126,32.56696357653115,Medium,Clear,Bike,12,45.52956793856517,10.78794840770482,Express,8.347717278146607
230.64960660665412,6.584573584036685,High,Rain,Van,15,51.341872014190336,9.642052631743141,Express,12.671515226590623
490.0562224921676,44.488624473137236,Low,Storm,Truck,15,6.901769324477142,7.796137296559009,Standard,19.73361868700767
247.32381080844905,25.4026555636019,Medium,Rain,Truck,13,98.70108018812805,10.226952169265799,Standard,10.160405676854241
165.7183019231791,22.742812230962283,Medium,Clear,Bike,10,46.307241274755874,6.742229477781421,Standard,11.208604374749058
317.43362544972945,29.5003070284492,Medium,Rain,Van,12,71.74808906471691,3.625068389589016,Standard,13.588435684247441
121.59251815154015,31.42680120807542,High,Clear,Van,12,13.505766536159935,0.021273302008731898,Express,8.370157143846438
39.77993739811463,4.052902408212395,Medium,Clear,Truck,2,25.124635306317156,8.399462207187648,Standard,1.2441113078352513
66.18210151150332,34.28955245055842,Low,Clear,Truck,9,107.3147784126694,8.859828399129615,Express,6.211622328981525
65.76682780097067,12.475618175618715,Medium,Clear,Van,1,74.99906570652209,14.580734471635715,Standard,4.941879443137936
77.64754136912259,35.8406553090762,Medium,Rain,Van,5,114.28266576960584,5.422175011414133,Standard,7.190028912759636
71.13593197940625,41.21547232201774,Medium,Clear,Truck,1,119.85625395500145,5.911998642424676,Critical,1.3964168136048887
321.15562291200087,40.29594612384975,Low,Clear,Bike,5,47.76391326330585,3.0269937201328534,Standard,9.818083733967878
92.57628203077412,27.848797886690512,Medium,Clear,Van,8,39.362352369576584,1.0580144285598285,Standard,7.252200718553712
174.14230709528388,26.248409669382184,Low,Rain,Truck,8,103.71094634329613,11.592067392926108,Standard,9.50526489393231
448.6006281331939,7.57236008630088,Medium,Rain,Van,11,119.84031410930723,3.7452159650898755,Standard,17.747574028669007
238.03289685091042,38.879634444955215,Medium,Clear,Van,8,77.4087419367326,9.13357291545057,Standard,9.861657431457676
334.44375378347155,13.934764332112362,Medium,Clear,Van,2,96.44118308882507,10.316595533182223,Standard,9.14681546266343
87.81529585841166,25.086423429488352,Low,Clear,Van,8,94.90077376375656,7.068550309374715,Express,6.773551799191815
97.75993136671805,14.571567599912077,Medium,Storm,Van,12,45.8640664452479,13.145281695407874,Express,7.226947634074175
22.352570900706475,7.12450396848481,Low,Clear,Van,5,71.04109372956503,6.656922614695931,Standard,2.7455240840929105
86.12966140993794,31.66310599614096,Low,Clear,Van,15,100.80154824538457,4.2736293456264765,Standard,5.914525002276443
140.7379888379154,3.1894357237337396,Medium,Clear,Van,1,84.13309577002138,13.440232844424335,Express,7.028813606718131
90.15122116981992,37.5579390892469,High,Clear,Truck,7,7.433838607934399,12.923464263749347,Standard,7.962458138755342
46.173861811013694,16.220546365425275,Medium,Rain,Bike,13,43.721151923216354,2.460599206146195,Express,6.388081158698433
62.076663808099205,0.5066673037220233,Medium,Clear,Van,6,21.614705108379617,0.38941527530881426,Express,5.340092692612377
231.46782648029745,25.800892392242876,High,Clear,Van,5,31.791804388974494,1.3497833452443104,Standard,8.563610405436954
104.75419176608467,2.8191694721163545,High,Clear,Van,1,109.13128991150245,4.298210978307256,Express,6.679542457236702
183.40639080194157,14.170393112134525,Low,Clear,Bike,14,9.242728224738338,14.58389702612566,Critical,5.6429773796470055
252.70180088571874,35.495336129057954,High,Storm,Van,14,30.27708187562123,8.377742297412375,Express,17.015785298766477
345.8166246574239,3.60313627028236,Medium,Clear,Truck,1,40.60047550739662,5.598925980439033,Standard,11.5241455925573
21.57744564086727,42.047255371622114,Low,Rain,Van,6,75.9416682761354,13.330741419191195,Standard,5.723129860860581
400.1063786567032,0.6890861715998639,Low,Rain,Truck,10,66.42169435987454,6.797044972177495,Critical,13.008311016119341
314.6943939664721,12.71778152549416,Medium,Clear,Truck,12,30.100990528139402,4.728579426015317,Standard,13.547411855136415
42.715997910538206,37.174750779527535,Low,Clear,Bike,7,23.887722730662762,14.118292931184861,Express,1.3719717020911337
437.0421548051751,16.155372411600688,Low,Clear,Bike,10,32.23177397855366,12.74276499289017,Standard,12.385166431359243
460.59445546484295,5.54367320926767,Low,Rain,Truck,10,62.79090707069039,12.655025631291615,Standard,15.582571662817369
32.41682400772215,18.33157898062118,High,Clear,Truck,1,36.18544535678839,7.684271145753197,Express,2.810164012140953
139.88506877730745,13.884467676034014,High,Clear,Bike,9,113.97428768488805,11.841575982231824,Express,10.263829479746763
403.48823733694456,42.21423915694747,Low,Clear,Bike,15,58.34450046431747,2.690300388968278,Express,13.902757121308863
374.63332581106187,16.010721920464583,High,Rain,Bike,4,11.761541902633262,8.598344363343655,Critical,12.382209558019994
93.8914676394759,39.55215735291236,High,Clear,Truck,5,88.86563667121284,14.757688842713184,Standard,5.901376279980687
106.25596302168174,44.64767116813137,Medium,Clear,Bike,2,42.817208144033806,4.364376457769425,Standard,6.911435571774561
186.49510719010823,21.97396226903821,Low,Clear,Van,14,80.15122718669846,11.915284938715129,Critical,4.561077164378964
243.29244662512863,45.5421856207924,Medium,Clear,Truck,12,37.15335261017168,7.357176108121008,Standard,9.600438842836024
309.8908762220874,19.177243671178047,High,Rain,Bike,10,70.63553029933179,0.5970852483313099,Express,16.96303069022187
185.71899250574666,48.221881616260355,Medium,Clear,Van,13,93.79753805285844,11.44529096723501,Standard,9.917516858817184
232.34228863430766,4.91983146401586,Low,Rain,Van,8,111.7210053040737,2.528537165881692,Standard,11.796545054410501
374.24052719061075,34.50745369191051,Medium,Rain,Truck,14,35.02962160980386,9.472103506991253,Standard,16.35634528551995
20.268235039517755,24.943795002617968,Medium,Clear,Van,2,43.50854936488283,1.2849629107045935,Standard,3.265255423446955
127.71359828332234,19.68861587005453,Medium,Rain,Van,3,58.390638332883064,14.203010962439473,Express,4.232370542305971
357.2480937705071,31.819237998055744,Low,Clear,Van,15,111.62510633963872,4.375858307705414,Express,11.884152724914241
447.8130051682253,35.34092603589939,Low,Clear,Bike,12,108.65948853322557,3.3969703751609237,Express,13.579394569879703
256.8153661736017,0.7159818476902998,High,Rain,Bike,15,15.336002211573373,1.9370460609950146,Standard,14.760750158604944
266.9925156621272,8.764177892986337,High,Clear,Van,9,20.17192996168825,14.190032900085717,Standard,12.585108263705264
55.37166164720848,35.79577950639877,Low,Clear,Van,2,61.9835553930234,10.678556136619578,Standard,2.119666784470512
224.8113586780804,33.48607797212122,High,Clear,Truck,14,17.2612163726237,11.12491333077133,Standard,11.866555455649111
267.2433986946015,48.31935150386952,Low,Storm,Truck,6,44.74180043510021,7.491068420703669,Standard,12.655306156024453
122.75031081009537,38.17137061741376,Medium,Clear,Van,12,22.064318495009932,7.120916779057252,Standard,7.938556177831558
136.08312901279172,47.563249032701236,Medium,Clear,Van,4,78.14464084016687,1.6503186448721496,Standard,6.4442699359161795
189.88751322610207,35.275754825972946,High,Clear,Van,7,114.1919746500036,8.397616433759877,Standard,13.467806589048205
11.995456493307731,15.253584327652437,High,Rain,Truck,14,119.62438358385387,3.7037474266318564,Standard,10.132844162751457
162.3954244604228,5.715563651417395,Low,Rain,Van,14,48.15273023714521,14.657179992006087,Standard,9.046790276633589
107.30110748427923,39.20028123557431,High,Clear,Van,6,73.88645326818042,11.94871410022721,Standard,7.400975509469844
165.0936813846015,32.38538646305784,Low,Rain,Van,10,103.47078015526935,6.194880902893313,Standard,8.356624280054598
61.641541645987104,2.8852076134681632,Medium,Clear,Van,14,18.50813837158416,2.2701188803729955,Critical,6.212452200794712
445.48258580846766,18.32249806209843,Medium,Clear,Van,9,84.29990727097598,11.779975367081759,Standard,14.841643917057752
297.6090418699162,47.86159086647216,Medium,Rain,Van,14,52.01702109838285,1.8308065062197398,Express,14.209719792569812
340.19295493395583,25.26985671265496,Low,Rain,Bike,9,28.70680843221887,2.8400063024560573,Standard,10.065786416859254
395.0072768264545,21.920092232975378,High,Rain,Van,10,51.31666615595583,3.1728077661634115,Express,15.898180256917883
250.22421506667052,23.156130455385053,Low,Rain,Bike,4,13.735433000965438,8.353359574096416,Standard,9.070006300870256
45.286303467536996,10.839694838255605,Low,Clear,Bike,1,84.97182208777016,11.805849809855495,Express,3.7938991981280843
269.4790578256368,18.751004957807364,Medium,Rain,Van,2,34.065406906072106,4.714723180870383,Standard,9.254951391244475
294.24687677439783,18.805756171365243,Medium,Clear,Bike,8,40.81164918016097,1.2700472141293413,Express,8.748446304206409
373.22885814379634,3.091573499279884,High,Clear,Van,14,18.924349297768217,6.968076952866288,Standard,16.09254756265394
216.96645402238033,38.494597611636955,Medium,Clear,Van,10,104.43579809733754,11.221653617399033,Standard,10.509859095237543
65.53499079219075,21.11696937924201,Low,Clear,Van,8,61.74609211751494,3.3249576463108244,Express,1.8800487388292164
143.3204010877648,41.197904397412955,High,Clear,Van,14,70.79689094543603,3.2988682205906135,Standard,8.51034728521018
182.8149836065203,42.59222605543482,Medium,Clear,Bike,15,70.48475855590829,14.208405410200662,Critical,8.616425014152004
323.6667861831374,10.993705707583574,Low,Clear,Bike,2,52.2067081722543,14.31230590678767,Standard,9.384942420510166
286.2475957251181,33.038997367421366,Medium,Clear,Truck,4,27.14094027538604,14.856985980923646,Standard,12.067114391347358
179.33616949712743,23.877949306067595,Medium,Clear,Van,1,90.690266077316,12.114894023621702,Express,5.32355190999219
493.2845938989039,44.06775852711351,Medium,Clear,Van,7,19.61147051613255,2.8227625375191834,Standard,17.12372406045055
303.6758600397298,11.17916361923448,Medium,Clear,Bike,4,16.945485882063206,3.1797228119889205,Standard,7.494464676637627
120.13894228452526,34.051753415347186,High,Rain,Van,11,86.66667932359789,5.10337862283588,Express,11.091556196900658
52.68767136496106,30.583730051509768,High,Rain,Van,14,29.01625735197814,4.771987970002362,Express,10.993140573520678
78.12385131379735,15.117423139805723,Medium,Rain,Van,8,40.27886640557572,14.347916236170136,Critical,6.20184445234302
124.48694873548506,7.261744730733044,Low,Clear,Van,9,59.651158705200125,11.836109743225403,Standard,5.061222517921216
82.01932388325872,32.75616814362519,High,Rain,Bike,12,56.67540142389781,10.860131882423309,Standard,11.536329393526541
94.91037797755027,37.06057417755037,Medium,Clear,Van,9,86.4865993824749,2.7894483608719773,Standard,7.978252067212339
143.97739400953586,16.123553516285824,Medium,Clear,Truck,3,76.69465624598651,13.642883390434944,Standard,6.846300602420392
88.3400504567879,32.419213899104534,Medium,Clear,Truck,5,79.10555866241455,12.418055692592608,Express,3.9207345360173456
448.58918146395973,20.05897992676941,High,Rain,Bike,6,87.11624802537759,2.4546276199188553,Standard,18.708478967100056
41.95640533949782,35.80374072248958,Medium,Clear,Van,6,38.650463653698516,13.067554979414588,Standard,3.499995377470486
263.20667200598683,10.36115610725563,Low,Clear,Bike,10,42.06833085705447,4.083713045557069,Standard,10.344218717164377
206.37761984085142,44.56564263049063,Medium,Clear,Bike,8,55.36974100798872,1.2130461874815905,Express,9.416648889809201
491.224551220486,14.726775025046196,High,Rain,Van,6,40.3581498988555,9.852334597713151,Critical,19.217894639622944
57.79537327969007,18.705406393929568,Low,Clear,Bike,6,118.2678549316493,9.807069890764959,Express,3.388388010707529
200.13208832477935,3.3755516279773143,High,Clear,Van,4,98.61597153846441,1.4239801434842714,Standard,10.056347842267174
484.7962757711337,6.0198545099031815,Medium,Clear,Van,7,23.935289149443403,4.782777134048736,Express,16.203586951709973
433.02254869520215,26.035164184260243,Medium,Clear,Bike,14,5.643327926414994,14.89221693383308,Express,14.434066080577306
408.9018913327414,13.74583749803459,Low,Rain,Bike,14,9.920075848435804,10.176400005131054,Standard,14.908430537231817
130.43560786838003,41.85627117423862,Low,Clear,Truck,8,33.067296869936406,10.951127499049937,Standard,5.63739965452755
87.10201852025278,1.2273227384202152,High,Rain,Bike,3,18.1434978712385,3.193759284064585,Standard,7.1404631489523585
334.98432352236665,19.265155409260842,Low,Clear,Van,7,66.33388321264579,1.181731065058715,Standard,12.6187591332912
464.8292425855377,17.198604565070088,Medium,Rain,Van,3,103.66945061364625,4.153525346114065,Express,18.810471126934928
279.267920720937,1.4567177304212513,Medium,Clear,Van,8,89.72627540502116,3.7334757778978793,Standard,8.813173274901729
286.6631193560101,6.656235750525256,Low,Clear,Van,1,29.795042254451896,3.5181615112207965,Standard,6.585707174292527
141.42958864282153,20.975312408472444,Low,Clear,Bike,1,50.919414442965376,2.8913148283055934,Critical,4.4335354771825894
385.2074807295846,24.896796930148607,Medium,Clear,Bike,14,63.40783409609693,8.621335359831065,Express,14.594145212303046
95.14778678164664,20.51234248911602,High,Clear,Bike,6,98.17367269288359,4.921552137627327,Express,7.341123957509816
163.19225972931335,26.781415081398645,Medium,Rain,Van,10,101.49898435720895,12.305175225712956,Standard,9.377390663409695
213.86734643097554,29.959017907831235,Medium,Clear,Van,9,109.61760586939424,2.75921126771076,Standard,8.752575492634143
254.7899685848586,0.9912291458278637,Low,Rain,Van,12,63.56320380783065,6.969406063028167,Standard,10.352452494283286
122.72004674270995,23.472710392948443,Medium,Rain,Bike,14,84.84159584012424,0.20486754639119975,Standard,11.45585120118465
59.18873872012336,48.19321242393562,Medium,Clear,Van,4,17.857042691902773,7.22523483682788,Standard,4.867491937614175
306.088781135933,26.192097866412663,High,Rain,Van,6,70.00823039470794,0.8375733131471158,Standard,15.565039675462481
145.73801551364738,34.03834223921818,Medium,Rain,Truck,12,33.59955808918053,14.665852678089655,Standard,7.565465006419343
291.4566342684609,15.937260966885718,Medium,Clear,Van,5,54.647441778060276,11.858881929756192,Standard,12.673103776430585
78.87263220655275,38.812573218561745,Low,Rain,Van,12,77.91580845527272,7.351672149546831,Standard,6.752100242029917
241.6077707236991,38.759613352867696,High,Clear,Van,15,34.55338285318483,1.2988103726902538,Express,13.497079089636749
267.2295374106898,26.304154358879877,Low,Clear,Truck,1,11.001281646627525,8.886681611856215,Express,7.164228067980699
27.8081213375686,48.81268425232107,Low,Rain,Truck,6,6.1768934870071135,11.381456260528163,Standard,3.436236260791896
169.62893054057244,6.714735630751342,Medium,Clear,Van,9,7.548346587619978,2.8607587950711793,Standard,8.566821917122157
68.93850911560918,1.3389094120342593,Medium,Clear,Bike,15,5.960219814083511,8.523125111812362,Standard,7.174908698208031
33.560735295438334,38.62283148197625,Medium,Clear,Van,15,17.690831504155682,12.21316347574302,Standard,9.974145729372339
495.00019573019273,40.454199099561684,Medium,Rain,Van,12,32.54120217556493,11.523716664694746,Standard,19.270268560483927
162.53221479741205,6.450257841468524,Medium,Storm,Van,3,30.440474130964407,12.044880268007294,Express,9.87995344791985
405.31747403560814,13.646350231451,Low,Clear,Van,11,118.48160833068812,13.189851373045798,Critical,15.249139784955604
128.8110460723544,1.368841986648131,High,Rain,Bike,15,40.19070209902847,14.065231532392053,Express,10.958268976211942
341.38835566751675,15.018776233637952,Medium,Storm,Van,3,19.653390086330894,6.082817328053039,Critical,13.39444636968657
380.5934742250639,38.77052275897424,Medium,Clear,Truck,14,67.73969257929217,8.53153653784316,Express,15.156597097814437
298.62809282270644,26.139046121772658,Medium,Clear,Van,2,103.66510737071346,11.859892890684163,Standard,12.109584138692487
236.84494189797886,17.73073186183026,Low,Rain,Van,13,82.97694333058264,10.457097209186747,Critical,12.750668715026668
207.09677524533973,18.901095097863347,Medium,Rain,Van,4,39.04944025057679,14.932803423965682,Standard,6.866189898528649
175.73639673841166,0.5670044729156736,Medium,Rain,Truck,10,69.58585837601733,0.2051647665696621,Express,6.893377699197954
464.90551383541725,15.340126114479176,Low,Clear,Truck,3,87.20843703304705,5.32699822973686,Standard,16.10872422531678
415.6484650782891,32.49970771107756,Medium,Clear,Van,12,88.73201662229037,4.215418894053037,Standard,14.77868390211912
482.5834015119233,48.72262496890968,High,Clear,Van,2,81.65192235923422,3.934737752483019,Express,14.33095847996178
63.90001729580128,42.42951093570303,Medium,Clear,Truck,1,105.14319884919607,3.3379467374832865,Standard,2.734198311063226
365.9720026514148,1.6679507499536919,High,Clear,Van,3,105.062127709572,10.636857612228436,Standard,16.612362594014236
469.29354749687684,44.97874993140455,Low,Rain,Van,10,71.57770433180538,1.2713920991298278,Standard,18.531515926201447
92.25406695049875,39.26832145828198,Low,Clear,Truck,6,54.43348244778941,11.124132509150074,Standard,3.9109737626866403
35.11514114865519,39.12861811676353,Low,Rain,Bike,9,78.78058398998648,10.401387630244102,Critical,3.9634877922868617
371.07808334644943,23.170790070676787,Medium,Clear,Van,11,99.09438015760325,3.762061987513446,Express,14.245458947846302
288.0876103635961,20.20126200124789,Low,Clear,Truck,5,5.649992056736243,3.792506747477419,Standard,10.510394570620138
421.2307308256195,15.494328577243035,Low,Clear,Van,15,119.07965603670787,9.432908780167534,Standard,15.17381107883436
71.60664355989216,3.751895518241106,High,Clear,Van,3,26.03278381785791,11.432566582255168,Express,3.9224928526901572
398.0431213062253,11.797650492938105,High,Clear,Bike,14,59.07863335089726,13.147284196310483,Standard,18.11366486521259
102.41040538377678,12.70687993141222,Medium,Storm,Van,5,105.28341950692968,12.782093457817137,Standard,9.264223412261876
83.50065954712085,24.46181495065498,Low,Rain,Van,5,30.879645890082926,14.473244912457798,Standard,4.958630793634402
83.80436736963449,37.498498126536354,Low,Clear,Bike,5,59.83145074854407,8.720773430047668,Express,5.2149200650375525
407.6582106752283,23.953586505698357,Low,Clear,Van,12,20.246950720835606,13.629833420105394,Standard,10.244031568858022
333.26821590670767,3.36330024763445,Medium,Storm,Van,12,50.43377741964215,12.127699098906161,Standard,16.413454468236317
262.4865815350214,47.910595148916094,High,Clear,Van,7,25.37057730119529,13.420014364710203,Standard,12.364844019024764
180.69758109350425,47.16485379515856,Medium,Clear,Van,5,46.817191108683055,0.1743990192804995,Standard,6.511367843721963
438.84586932492795,39.36688238584622,Low,Clear,Truck,7,47.948384931163034,14.488544877987165,Standard,10.845429099491346
197.43766349647242,49.57073112742892,Medium,Storm,Van,9,119.21464080380827,7.102952442697175,Standard,12.579417815919319
408.6665208568454,27.451875473613015,Low,Clear,Bike,5,119.40349836993381,11.972744843622644,Standard,13.656833380677524
220.68918446796877,48.1570333375337,Medium,Clear,Bike,2,18.200422045970427,1.908061790066713,Standard,9.008974230827468
189.71832585360397,4.2424495105291635,Medium,Storm,Van,5,88.48640962275994,5.939116437209611,Standard,13.986936866715649
232.414533263464,18.60119703893788,Medium,Clear,Van,8,10.950730161946632,4.0719099453148635,Express,9.233042839833239
152.08618133374276,11.65637276633491,Low,Clear,Van,12,8.472081763776693,4.374881557514056,Express,4.505429853461003
374.30947132777305,10.193737664646367,Low,Clear,Van,4,17.113397838170897,1.8488342992632263,Standard,10.865593084206548
252.3547542660546,7.469745970187466,High,Rain,Bike,2,116.03085055591241,12.086457488145104,Standard,10.281861860865998
117.64192218311501,31.309475257516834,Low,Clear,Van,10,113.1993080078902,0.1386347187161724,Standard,7.294881160337686
449.9881374907351,39.1754318594916,Low,Storm,Van,3,27.30169933227825,4.6875818547780375,Express,17.99081816918136
193.1778282438593,29.125770771307852,Low,Rain,Bike,9,23.592318588676825,2.6161581482462255,Express,9.433657974369341
272.6893248347663,7.7746541246163785,Low,Clear,Bike,9,32.661534949333905,8.835584109125108,Standard,8.491190792550425
453.4231112603444,40.65062661170681,Medium,Storm,Bike,8,64.28790431864135,3.813786039218158,Express,19.35275174567127
312.87052196516805,31.97975800460456,High,Clear,Bike,8,70.51603268407214,3.884976817921495,Express,12.22557949313368
60.215224272765305,19.71420245328628,Low,Clear,Van,8,30.483244500536443,7.325072159929781,Critical,0.5
470.0363975595106,33.86944962903512,Medium,Clear,Bike,8,92.0116206303437,9.790335590113886,Standard,14.521251842502673
314.5986104295661,13.365296472520226,Medium,Clear,Van,8,40.598614481304836,1.8195705684774544,Standard,12.567505861643463
168.78299609922888,17.58701432046342,Medium,Clear,Bike,1,111.04510243588219,2.632671786982442,Standard,8.869118535480427
71.35749218636685,45.91554923503352,High,Clear,Truck,6,80.52311124252402,3.707621168917764,Express,9.867114561359461
397.4245442566074,14.879973030735309,High,Clear,Truck,12,55.180387344915346,14.606223211769407,Express,15.94849836504946
310.79623245239975,23.76441927381786,Low,Rain,Bike,9,95.83988019582722,5.957287499143805,Standard,14.858898102914345
267.6636238042081,44.56198630110273,Medium,Clear,Van,8,99.06018199536645,8.984851359465397,Standard,12.534488256384785
447.15850635937693,35.53220683824261,Medium,Storm,Bike,3,38.40538464502852,3.623142190739668,Standard,18.83398875537687
394.7214111898163,3.579059695152786,High,Clear,Van,11,44.0671725411497,7.356892877362319,Standard,17.308832260455624
77.53409010691009,7.7915006918090315,Medium,Clear,Bike,1,112.63484267878938,1.1117876157893707,Standard,6.092897105194207
157.237589762183,0.8881587432098825,High,Clear,Van,2,23.94521941177627,0.5211321888349041,Standard,9.523032553111596
125.74759162760394,31.730628616343587,Medium,Clear,Van,11,9.847297950737433,7.0310029023219025,Standard,6.408747105177149
372.48525370119313,22.659834557815707,Low,Clear,Truck,15,57.21636210009815,5.979889312776181,Express,9.759502693240396
18.699152498418133,7.146605119662639,Medium,Rain,Bike,2,97.13913852801733,2.053204795377415,Standard,6.034328915916242
285.80506306591565,47.917738992310134,High,Storm,Truck,7,93.74183222573576,10.314021433811005,Standard,16.83840158717694
381.7044254988639,26.718156335308183,High,Storm,Truck,12,110.74602232497574,14.893552363488967,Standard,18.06368500799887
438.6292871073512,12.473718058588014,Low,Clear,Bike,6,66.31807640243963,5.934702317950687,Express,11.317588170176858
172.35671086052193,25.279876772158023,Medium,Rain,Van,11,16.507437230151332,9.368379538760918,Standard,9.907482338145726
410.9861377266624,34.141206470387836,Low,Clear,Bike,2,72.69923204864185,14.444639135467286,Critical,12.656759687965653
57.0946050036932,4.2738412896914415,Low,Clear,Van,8,94.51549565061933,12.47302458670313,Standard,5.306602817281886
423.53324128379006,14.097838844870653,Medium,Rain,Van,15,15.732733831030036,6.953283349540286,Critical,14.480992083141
65.48935384132724,40.444791798757684,Low,Clear,Van,9,24.855601126222822,11.06234226689879,Express,3.0066037267972097
199.8490706990629,23.25341108493173,High,Clear,Van,15,6.413426032902153,1.9220256037578602,Standard,12.649336054757137
399.0530921582177,27.5555685305986,Low,Clear,Truck,7,73.2700466363832,7.681557831956988,Critical,12.570668265868292
76.65887881968935,21.92439210936873,High,Clear,Bike,4,106.97445507377901,4.185904157699048,Standard,9.051826018828777
116.16719482585546,2.6730471608287534,Low,Rain,Truck,13,82.12628134024145,2.4174553184424163,Standard,7.948184831831118
361.681779059747,8.704614101097718,Low,Clear,Bike,13,117.93461007296294,6.394213593818023,Standard,14.841347666339416
360.578195199945,22.5543111177236,Low,Storm,Truck,1,12.24887003747258,1.9652183165042163,Standard,13.361672515509705
321.29152117687806,10.854680537692428,Low,Clear,Van,4,108.84512479242207,10.484776622617284,Express,9.097656814444758
347.58632534461583,2.9739619186540973,Low,Clear,Bike,4,98.61785304946828,6.843600660800033,Express,12.136182022822
272.2767727871029,42.260658370565274,Low,Clear,Truck,8,41.13777485744307,7.967169488469957,Standard,8.526954340897309
127.39593133566247,49.06903019362373,Medium,Clear,Van,4,116.95555346128396,2.1956390800223553,Standard,7.947802658527098
174.15660476495188,39.7605722628386,Low,Clear,Van,4,38.11284103971273,2.0965749164024174,Standard,7.190044422103552
92.43566296710998,42.76235362438102,Medium,Rain,Van,13,107.27004324024512,8.751231528901862,Express,8.809085069014637
454.4083795441469,12.477867950693746,Medium,Rain,Van,2,106.28608636353178,14.775146217441694,Standard,17.118003945716836
292.529113793528,48.05103528790339,High,Storm,Van,12,92.13062590934183,1.4437587485658843,Critical,17.94073362321146
201.62400554829267,10.247822370444705,High,Rain,Van,10,69.79910448847797,4.285971428486719,Standard,13.040610604819777
232.07889021477808,47.5957756129107,Medium,Rain,Bike,7,18.800316205942128,13.041886748068313,Standard,10.722531810669281
473.747103126684,49.74355505131457,Low,Clear,Van,15,66.1767494670973,1.084080183828554,Express,19.425080260232576
78.36899875180794,35.73027888442941,Low,Rain,Truck,4,46.03156940031747,13.138285820504269,Standard,7.51902744036798
293.94245634436504,49.06661472369518,High,Clear,Bike,11,96.10495881286545,7.864289750621268,Standard,15.802392218951766
253.93256208446405,28.69221908857163,Low,Clear,Bike,6,92.18485874713717,6.124001608896387,Standard,10.772609675240062
306.5042092464546,13.34731826721647,Low,Clear,Van,3,109.72043834784961,4.645208465271838,Standard,9.490264660809865
11.018871542778573,22.131296340448234,Low,Clear,Van,7,6.705468679646405,4.456757371917629,Critical,1.9360177566150112
436.3177066541874,29.881266301249905,Low,Clear,Van,6,98.0468699346503,4.587038736742182,Standard,15.30297390534098
466.194904676839,4.117537320337242,Low,Storm,Bike,3,112.92313610933691,13.272046214402936,Standard,18.518203029601697
283.436325427426,31.305991598553682,Medium,Clear,Van,4,95.76955164743727,10.856928452621784,Standard,12.208527196469243
348.9321102906923,49.06830291973358,Low,Clear,Bike,10,19.97236288509217,10.045845117467259,Standard,12.968605293071132
461.40469182629323,9.910328664294518,Medium,Clear,Van,14,14.34709705670209,11.981237234280012,Express,18.477626799252477
354.2048398880725,39.73345825627497,Low,Clear,Truck,5,7.397202577885594,3.8567199450621747,Critical,10.282238289634828
77.96444337130215,45.44099029209116,Low,Clear,Van,9,77.30570097022817,9.270642181226336,Express,6.80735336982319
288.99160336307295,47.21322884460093,High,Clear,Van,14,77.41235496388704,6.900993584369265,Standard,16.02305710303896
304.1440930986622,48.026712418069636,Low,Clear,Truck,6,118.4950771350944,11.736624528002901,Standard,11.942577925123661
213.21707430858822,26.312252116712862,High,Clear,Van,13,50.774965021971006,4.638841657099283,Standard,12.769606903148569
368.74922934111197,48.876741445579434,Medium,Rain,Truck,4,43.169222763212126,9.647679253048436,Express,14.074522565486566
467.3147733549694,37.98685525315472,Low,Rain,Van,11,76.80886662620513,13.233186177259702,Standard,15.782696636348607
462.93311942757464,8.502736093729613,High,Clear,Truck,11,99.9449973383733,6.032257142923931,Standard,18.760210226639074
226.51800695925778,24.106555270164513,Low,Clear,Bike,7,112.72900419514521,0.9993313105119217,Critical,9.959744271678076
58.39254682869612,36.0573931809142,High,Clear,Bike,2,97.35927911058944,7.740762335126892,Standard,7.04226009063757
492.45091708324264,12.743345633044624,Low,Rain,Bike,4,54.06750777081755,5.1895873171053895,Standard,12.980525575729148
419.7712470500752,32.21045158566993,High,Clear,Van,5,78.01513706088738,10.083380708207624,Standard,13.431031066027975
64.08201523922689,33.49672371280765,Low,Clear,Truck,4,103.47442257235345,14.265493871229092,Standard,3.148226577438355
460.57925754345143,8.55363731852401,Medium,Rain,Van,4,61.42011415585004,7.284124769952705,Standard,15.720571501828678
435.20838830693987,28.471722966411438,Medium,Clear,Van,11,29.91896402612016,6.992853452333008,Standard,14.239778624728524
260.3813524487839,38.69553209344108,High,Clear,Van,13,24.51819557100539,9.818772002871905,Standard,13.860302282487204
296.45516700097477,25.195335394529124,High,Clear,Van,9,5.018140626476524,1.5524625539035153,Standard,14.67542676460231
200.70334652732487,1.0991042804173174,High,Storm,Van,14,87.59736942284769,3.8025928338752197,Express,16.53363955883048
29.271296133371603,0.9474042194249628,High,Rain,Van,11,17.776179017288907,13.784689882505978,Standard,7.6131369281140895
168.92822633965866,18.1729525265156,Low,Rain,Van,13,33.04149646503315,10.049139200456494,Express,10.216573861383639
401.8210174018097,46.34660638737321,Low,Clear,Bike,2,39.25577812512124,0.2016606597512438,Standard,11.559899781539144
4.306747456292223,11.819500590378635,Low,Clear,Truck,6,69.44368391572836,3.069382088385298,Standard,2.7680296106650077
168.0825875021898,31.901002599148512,Medium,Storm,Bike,14,50.76508688901346,10.242558990433485,Critical,10.029576136381799
200.28800940828978,11.492755599319368,Medium,Storm,Bike,8,82.5875090826636,11.465988038438613,Standard,13.922351180109054
269.6230102630856,16.422664488147657,Medium,Clear,Truck,8,11.398445822800813,12.597893590110628,Standard,12.968699608178367
460.08809697355474,42.478083435273454,Low,Rain,Van,11,19.253007340410534,4.382652050730673,Express,15.372207107121426
174.4803051942487,36.57864139236237,Medium,Clear,Van,7,62.40932290632567,13.96542894416344,Standard,5.045740560010792
174.7826945443214,5.222264227003926,Low,Clear,Van,10,43.75095060238543,8.294203403668385,Standard,6.008041800435155
369.2756215586547,21.720750038828463,Low,Rain,Van,11,39.018536716406366,10.448085335818394,Standard,12.832742408583698
227.20453456312396,1.9439033004405912,Medium,Clear,Van,4,12.708229089315115,8.951082941698619,Express,5.614423160943009
113.85320182411101,24.304062256848944,Medium,Storm,Van,7,108.00770509602016,1.8411008201193069,Express,8.587877931942963
227.31487903408132,33.29048357920287,Medium,Clear,Van,13,84.55913740438083,14.446719890773197,Standard,11.32599742114741
72.14679614914033,6.365879868108502,Medium,Clear,Van,10,18.98608803425968,1.8431336984122897,Standard,6.842849514306415
89.84071928009921,14.7998044760037,Low,Storm,Van,6,12.480285139771171,3.823229346167754,Standard,4.3682628509298125
250.18715082426093,20.19291296235677,Medium,Storm,Truck,11,117.11034134459295,12.204418203344702,Standard,13.676477562821027
210.62487385326486,46.01678572047446,Low,Clear,Bike,6,83.33484330054306,9.278954422516522,Standard,8.641247881907479
457.5932587319138,49.66612326343672,Medium,Clear,Van,2,53.007448175780276,12.572237480645354,Standard,12.917871864105956
182.47216176008328,2.7231093002829847,Medium,Clear,Van,8,85.69906968691525,7.7360428256106735,Standard,9.075874039671719
291.1329984384656,38.1698922130219,Low,Clear,Truck,8,91.97815544521829,5.654898530499523,Standard,10.951670691889728
316.86761538392614,18.90034128691599,Low,Storm,Bike,14,94.69565327470963,13.827682493216773,Critical,14.015550111294646
8.52103938099015,19.926680218359262,High,Storm,Van,11,59.95589015010163,0.5437847627219228,Standard,8.41290806145753
332.44161126432186,37.83611618067762,High,Clear,Truck,7,54.43651718435752,12.841953305295688,Standard,14.128253782944265
90.66191150113622,45.96210839119773,Medium,Clear,Bike,11,6.268229690923539,3.4622667778167244,Standard,5.747476061504347
480.6130180997887,47.570965427876146,Low,Clear,Truck,9,111.55406824131137,12.731044916309516,Critical,12.858776273419208
76.03403842105025,29.067568008896878,Low,Storm,Bike,8,74.38040601472845,2.0879492012532843,Express,8.079060370112725
208.48281361605783,18.17749738537489,Medium,Clear,Van,14,28.362702776846334,8.703284455358107,Express,7.718418965825109
44.50413470316464,39.48367975000957,High,Clear,Truck,9,110.75439323346521,13.321618785172081,Standard,5.131752080655896
498.4433774192818,12.924568471483862,Low,Clear,Van,15,110.21716870358408,7.103094703483357,Express,17.18771831626281
252.0931151449588,28.421664427259127,Medium,Clear,Van,9,118.75617890210103,11.198500107050894,Standard,11.061423253147062
298.5017386253818,18.24963384548122,Low,Clear,Bike,6,105.51650476098257,12.070074267833377,Standard,9.220178133953427
35.40408573943689,33.003238148539864,High,Clear,Truck,2,119.74520459930744,11.047413130751687,Standard,6.418607011520057
375.48031425879054,12.399746188228592,Medium,Storm,Van,12,33.13891163417635,13.879946053118974,Express,16.751371614198874
106.5329853616017,9.983850813873875,Medium,Storm,Bike,7,101.85870229791192,6.70251345779893,Express,9.827029092396497
449.23103614147544,45.95283479043414,Low,Rain,Van,3,99.64825551151291,2.5968815874773368,Express,15.417259360854768
104.15954096003956,5.539282306002076,Medium,Clear,Van,13,31.558141310384382,0.7171659555371968,Critical,4.329014275504438
96.96248489050595,25.544916432879116,Low,Clear,Bike,7,16.32031813511394,3.6968980445625768,Standard,6.99505934311911
20.20173458835125,11.432212756668942,Low,Clear,Bike,9,117.63335907292395,2.1479625582036315,Standard,5.438414154743563
237.08933866477963,2.4270331846205386,High,Clear,Bike,10,39.04282342487019,8.369231121517208,Standard,9.971197222827392
283.290884364783,2.2829315054256063,High,Storm,Van,14,105.1525559037977,2.77418005817598,Express,16.849742462628672
34.722902435319476,9.173477719238454,High,Clear,Van,10,5.474622787579448,0.5840056093405677,Standard,6.615446387437382
388.2127531141153,43.405132548047014,Medium,Clear,Van,2,7.417852830254254,0.5398474330300179,Express,12.064806218824398
227.73783970451774,14.48269782686282,High,Storm,Truck,14,58.57520050008237,12.473542475472923,Standard,17.90423865471368
263.14635412513485,47.54772894347714,Low,Storm,Truck,13,32.452188652532314,8.871748971645372,Standard,10.808553546803227
221.49984797523763,29.29030350296508,Low,Clear,Van,6,84.3317475951359,5.371279528400673,Standard,6.559684380872159
201.58000431591233,22.11240239355392,Low,Clear,Bike,13,70.03989744031475,13.413420641103704,Standard,5.62672432869667
280.7008849914925,29.214397316138,Medium,Clear,Van,6,13.910866706806516,1.0529491711157042,Express,10.20036459957177
79.30964247349483,26.076570068700253,Medium,Clear,Van,9,23.70225407630746,14.704831090917388,Standard,6.486145825606487
92.60020898664501,38.059424560987594,Low,Clear,Van,13,49.62566605671764,9.244376853816915,Standard,7.054028062827128
431.16923926473163,14.483555265656188,Medium,Clear,Van,9,26.344467354874812,2.751963809532727,Standard,14.368852921303573
473.1655001425491,17.975994384214967,High,Storm,Van,15,96.10556993305178,10.186036484654528,Standard,22.754413239765366
187.90803950731697,44.75766797539591,Medium,Clear,Truck,13,52.84807708862721,11.45071889675344,Standard,9.500539904610166
136.83084722548978,47.34959740094507,Low,Clear,Bike,5,15.744664686887416,6.440141750561617,Standard,6.973433972345568
322.71177253302983,44.681632260580486,Low,Clear,Van,14,60.69943376129436,12.92448909368321,Express,13.710373824701076
205.54961720685202,21.262675700887023,Low,Clear,Bike,5,15.446390822062629,2.2609861094470545,Standard,5.955815762491162
14.642405118851741,39.12809239884064,Low,Rain,Truck,9,19.827790123278977,4.182563753664125,Standard,4.392156253731166
79.7639934883628,24.078618798404392,Medium,Clear,Bike,8,32.555130683243604,1.4023854237598465,Standard,5.901347192524883
358.554169966004,25.12822268123206,Medium,Clear,Bike,7,103.84568610346132,3.1631676091102823,Standard,15.798549037540155
330.14412307125536,10.631665398335556,Medium,Clear,Van,8,111.33044121829177,3.5809321786671755,Standard,11.785642981221047
15.493804266734777,29.760950011296565,Medium,Rain,Van,6,100.01963887318794,13.764497863825651,Standard,7.3299093261579475
112.54213664260882,9.713726938790723,High,Clear,Bike,3,43.41888000305243,1.1716453312673432,Standard,5.134330561335613
117.07524870085956,16.912452603826093,Low,Rain,Van,7,36.33134072751564,6.411226802815642,Express,8.125413424843153
336.60258631216675,42.82399498018679,Medium,Clear,Van,8,68.1529044408775,7.985980308403694,Standard,14.233645337526921
11.81584780167335,10.750252555937333,High,Clear,Bike,15,88.01311346130792,13.480395807032412,Express,6.540105205200442
53.84607382831778,4.022335116084925,Low,Clear,Van,8,119.2378706384201,14.965443279918203,Critical,5.3137341566843075
400.3582105158483,3.915875834334407,Low,Storm,Truck,1,20.130631866076513,11.300821723797537,Standard,13.105817308057368
90.91524170305814,47.06883376490384,High,Storm,Van,7,10.66857988773751,14.561864858535444,Standard,8.840242488387794
327.0675617102336,25.592561679110812,Low,Clear,Van,3,84.85092723445617,11.806516988038107,Standard,13.066221598854664
120.61502496126981,20.765897554942406,Medium,Clear,Van,2,100.70596510294914,14.448039614571249,Standard,5.34564235220823
51.52181359415389,40.63848975989196,Low,Clear,Van,14,102.33010968463867,10.609060889166827,Express,6.816725162871823
123.09975111772813,41.873383431570545,Medium,Clear,Bike,2,83.02330814387348,1.196451381766066,Express,8.017278300480159
361.68893206411826,16.943456139222427,Low,Clear,Van,14,114.71181747370652,6.028802804890148,Standard,15.241262869768564
428.1368411169303,34.83409384495286,Low,Storm,Truck,15,63.76554780762749,9.698959257037055,Standard,19.302068145316724
415.4494925543618,38.670579384668386,Medium,Storm,Truck,14,110.08870180866444,5.260777641813765,Standard,20.69719344075541
199.7973977499905,32.90520899986475,Low,Clear,Van,8,116.29839575402515,4.100758771706679,Standard,10.70624318607906
334.7063980121818,8.003956202604918,Medium,Clear,Bike,9,102.42310755535739,8.660989006996365,Express,12.946939626247456
104.08217911707884,43.85621263409432,Low,Rain,Bike,3,40.62223477474137,14.002528150536524,Standard,5.727800241871451
147.9875696699846,27.18518036043243,Low,Rain,Van,14,27.564799884583955,0.5247281027423034,Standard,7.163844586606627
448.37523762351765,14.482385105315183,Low,Clear,Van,3,68.03380747290912,11.538468053121566,Express,13.158673978278259
8.474957908346546,21.54879517916585,Low,Clear,Bike,6,57.09669629372167,10.840909170669407,Standard,4.3291374295308565
44.5832483655251,2.3597689747459154,High,Clear,Truck,11,105.9422093521643,14.459301380824307,Standard,5.691828901257078
105.52735506272161,6.829406660509669,Low,Clear,Van,10,16.503642172722678,13.960668334988153,Standard,4.836656865936297
15.213037529162218,38.39456415053511,Medium,Clear,Truck,1,34.64010705082464,11.433488430662893,Standard,3.5526458080689447
92.35484667471906,0.5005759203906239,Low,Clear,Truck,6,91.45687861965148,7.80613147023898,Express,6.870165786356998
292.3546973629067,21.12000850987346,Low,Clear,Truck,12,15.923464172390895,3.0640132985027977,Express,8.656334863529853
211.86942619506397,26.364253963736626,High,Clear,Van,3,41.887907612495525,8.178535774883615,Standard,10.957891657938903
446.5505121163335,3.2044037900481284,Low,Clear,Van,11,49.52287031620806,11.480279908794808,Critical,13.110211744480544
409.08689374574357,48.66736906713047,High,Clear,Van,4,76.59828660470934,13.435038189568397,Standard,14.42851192667855
172.22504114554224,11.69320389685876,Low,Rain,Van,9,23.18525425772693,11.845680138158237,Express,6.208407534985781
131.19286984878366,15.557836621995904,Medium,Rain,Van,3,103.9695163902166,2.9290040278658096,Express,6.760349527401084
191.08681926729892,15.545154356623852,Medium,Clear,Truck,1,56.46735707862154,8.995294713420892,Standard,8.076803956408337
295.96688137237425,11.90562477480882,High,Clear,Van,3,110.457496866264,4.982601892970355,Express,11.762285378241897
135.4956931297924,0.5729541932724151,Medium,Storm,Truck,7,58.805040067902134,0.13808501085964486,Standard,11.3674799231219
312.82615610886876,36.60256730735582,Medium,Clear,Truck,13,36.62962977818434,3.003314036829991,Standard,11.406342141674862
205.88700279123773,48.35885224006463,Low,Clear,Bike,7,21.31031529908261,1.698309749001739,Express,8.80584490139556
276.91949606428614,11.60252742260973,Low,Clear,Bike,11,5.430685891797753,12.640786853092028,Express,9.807252177052705
219.19101150938772,33.32083599426941,High,Clear,Van,5,66.1981107732561,3.8775937822171795,Express,8.157166738755334
148.643948251875,37.2238681844564,Low,Clear,Van,14,17.323020146596193,4.2704695333133325,Express,9.670864042585674
474.32974686715403,42.497056264980976,Medium,Storm,Truck,1,50.0486928175855,14.399048576983263,Standard,18.030179280883843
382.27568549156086,21.42014525217365,Medium,Clear,Van,11,72.76625254226497,5.686300845732783,Standard,15.672083406602141
71.77636153169337,15.495079829201247,Low,Clear,Van,8,36.703878143810535,0.14378460216591837,Critical,5.895734012337902
434.49705199716055,16.60210913414004,High,Storm,Van,10,25.150793622103254,4.257692225192048,Standard,20.995522520928894
244.7407367282578,35.774755988376384,Medium,Clear,Bike,8,94.09298660007428,1.7894937090271867,Express,10.42352222403466
447.4870089932575,40.93058359202898,Medium,Clear,Van,10,113.88098481238637,1.5421284260378094,Standard,17.993760859524098
400.327917461763,9.489891403951832,High,Clear,Truck,12,16.550648054126093,1.1623093520362426,Express,12.787597026379391
213.75632522567827,18.86157990380938,Low,Clear,Bike,10,22.892887304275902,8.898892052630659,Standard,8.936240158201244
13.189715543418464,45.14603973908293,Low,Clear,Van,13,115.40145558406265,2.8402158544478793,Critical,7.576869829045981
135.80132497370315,40.431329224889595,Medium,Clear,Van,10,9.34518550840832,5.418641910615157,Standard,6.653833414166572
271.7338389011117,49.25049093674255,Low,Clear,Bike,2,117.42771870330431,12.930265741950251,Critical,10.29720561295662
317.4721534734213,37.835288854263,Medium,Rain,Bike,10,5.534115554773709,6.365072096944135,Standard,15.97561545057453
130.42806734573475,19.96316245088215,High,Clear,Truck,3,105.4718953999031,13.735370250774563,Standard,9.210207359648072
71.39932488826642,29.73657278273457,Medium,Clear,Van,4,40.342395813591196,7.469070800934094,Express,6.054487719386394
417.79525792605097,33.220205585242354,Low,Clear,Bike,1,112.9377186903891,5.982549222596337,Express,10.204926507732997
492.23228599036895,4.383562907697636,High,Clear,Bike,4,41.44870819309233,11.255833906360523,Critical,14.416325613279113
263.79371078673756,27.45259947564132,Medium,Clear,Van,5,80.24522697641643,1.0976264815200314,Standard,12.870272325544361
87.49628435245515,35.61138100939417,Medium,Storm,Van,3,14.203745523082715,1.3421757447362608,Standard,9.678860968975286
137.60904860664573,8.782404548052488,Medium,Clear,Van,14,32.86792831717999,9.77960570884441,Standard,8.919224790121188
11.158556920638434,39.14127001256508,High,Clear,Bike,11,93.97312484511383,7.304110698588724,Standard,6.804678640050236
457.3208056671285,29.396752635448525,Medium,Rain,Truck,15,65.79887317306427,11.856228754788154,Critical,17.916240330400797
60.640039279290285,47.63497839203094,Medium,Clear,Van,10,111.71644210551014,13.74406256015297,Standard,9.428580598211932
289.1052048060983,2.599903761241139,High,Clear,Van,2,54.30641195925574,5.825503165073213,Standard,11.232431935816074
138.47949990222858,13.633643808995615,Low,Rain,Van,13,105.02842206860116,8.946150398769694,Standard,10.21786383680622
277.98064525286514,30.27691702534129,Medium,Rain,Van,6,56.62987530999732,7.5104494169296485,Standard,12.992280354449068
326.4073533992284,15.17971565419357,High,Rain,Truck,8,117.6135520507283,14.724159834636493,Standard,14.311499416991412
415.21141824618644,35.86399612152649,Medium,Clear,Truck,7,115.38095386087083,12.466266110348927,Standard,14.1211392346377
104.7977933367804,38.070761484835586,Medium,Clear,Van,11,42.85072113894924,13.676065624160303,Standard,9.448692176232012
7.475922671923278,5.574540221290485,High,Rain,Truck,14,106.88122209793237,3.8151013136640626,Standard,9.555681701022834
70.16904377426602,25.935795978235003,Medium,Clear,Truck,1,102.47530803479967,11.587896347438916,Critical,3.1889369479004035
450.2092836403563,25.690082501757267,Medium,Clear,Truck,4,29.228245692669724,3.9820983749647336,Standard,13.965119416029413
437.19725862613257,18.77939812566928,High,Rain,Bike,3,76.79339609007602,3.1311380014258483,Standard,15.629515939554901
299.5117248808135,46.67978069719877,High,Clear,Van,6,13.358466292828709,14.163992394833262,Critical,13.181484220970498
301.0573964959594,41.46156283372445,Medium,Rain,Van,9,101.22173286709808,0.2895662507679997,Express,13.273786258673756
333.18826392403525,35.01186440452702,Low,Clear,Truck,9,25.072776602902103,14.480830554951446,Critical,10.118856160481212
89.3348967544779,35.85916846888238,Medium,Clear,Bike,7,13.14369065936292,2.2389284548320934,Critical,6.6008050504099085
457.37714907062997,23.354949118749396,Medium,Clear,Van,15,51.02519598696329,12.291571226899022,Standard,14.18625253723752
210.5477213962524,46.08922879428051,Medium,Rain,Van,12,71.346045938959,4.138838296021547,Express,11.490276225154014
192.80298706824973,34.88247364903763,Medium,Clear,Van,9,103.31545023437367,5.260534911460911,Standard,9.956323992146787
260.42101723085307,36.58456255196291,Medium,Clear,Van,8,117.0378904349997,3.2513656698297746,Standard,11.30528115139401
25.389051453977412,43.15369973747359,Medium,Rain,Truck,5,55.541638945534324,8.782710637216194,Express,4.272916326402378
84.80911764052755,14.066543672438454,Low,Rain,Van,9,11.951396143306074,5.221433212618111,Standard,5.000696936383948
369.5407409803325,40.4500097414018,Medium,Storm,Truck,14,91.14829158797512,9.860895592419949,Express,18.068288079886106
43.23373662671298,10.164409846346356,Medium,Clear,Van,7,69.9949244657528,0.23470976913098962,Express,3.2487305778974993
302.36975051426134,17.59442663612195,Low,Clear,Van,5,56.50750465711326,0.9656232527255942,Standard,10.504402671552487
124.18385662129783,17.112717486357212,Low,Storm,Van,15,40.56592106110181,1.4949172909687296,Express,9.25892413136608
195.86921579290433,48.93701068526246,Medium,Clear,Bike,8,62.7758307020066,6.284905279653466,Standard,8.803091032601365
145.76948091180853,42.89859257552238,Medium,Clear,Van,15,43.94815451255856,12.22194258989964,Standard,9.421702796157955
179.12501279954466,35.207908148717856,Low,Clear,Van,7,92.05636479094643,13.32266865567574,Express,6.531627456517419
360.08486078175423,36.48930969996181,High,Rain,Van,9,67.54777509665372,3.6721611009135113,Standard,18.41371501596049
149.96661438034116,28.322603322927268,Medium,Clear,Van,10,105.83749402772288,8.61554586358521,Express,8.189333463725243
284.0695108678548,47.380988021871694,High,Rain,Van,1,67.50755018468584,11.525474890389008,Standard,14.431496739887782
239.07310029515162,25.064808267676895,Medium,Clear,Bike,15,32.40017753409195,4.33244144879413,Standard,10.225412337769859
332.5082403505988,19.33562663855978,Medium,Clear,Bike,13,102.87556645669662,6.135116051044099,Express,12.31569050352955
468.5412101837295,8.570249178113755,High,Clear,Van,9,69.08019016695505,7.8596130402857085,Standard,14.962078480336203
366.82090441070466,39.41717978692237,Medium,Clear,Van,15,28.786719386509542,2.0231226961207156,Standard,14.088059669676682
109.04030853819687,36.854974637741776,Medium,Clear,Bike,7,76.70339814496555,0.3897344058867047,Standard,7.03477488004128
17.529201260519766,19.525574406944678,Low,Clear,Van,1,46.13742796837917,2.2920871397742486,Express,1.808621328915553
132.60749406131288,1.7470739909818533,Medium,Clear,Van,1,102.10664541358757,9.402804318803001,Standard,7.236587150565581
298.3488094887269,42.03036772204153,Low,Rain,Van,5,57.12946994435242,1.1042739230052252,Express,12.16775151966507
27.610055115156673,1.0651901809766449,Low,Rain,Van,8,88.54075618235292,2.8454454727519245,Standard,6.958362387383934
249.19039110621569,35.333139091638024,Low,Rain,Van,9,15.986663878167274,5.067808285429556,Express,8.717932448596489
299.2277387606108,48.52772693143982,Low,Clear,Van,12,50.54279982476981,1.168050964595495,Critical,11.314637238941632
168.4534576268465,22.16423574333607,High,Clear,Truck,6,118.07276519432585,2.8754890674245166,Standard,8.845402269283017
385.91427746541933,12.131183547299662,Low,Clear,Van,12,97.97293328987206,13.669046834752667,Standard,14.280089644885631
55.08593006061836,35.3911149971474,Medium,Storm,Van,13,23.393192272196796,0.2894869834047714,Express,11.783536510019681
39.41861530443276,40.94784302977146,High,Rain,Van,10,36.942865689884336,9.801478862615433,Express,5.856295954179575
364.6380005893945,27.54830064585344,Medium,Rain,Bike,12,42.92881801848152,5.766133963727774,Standard,16.244996554027168
248.75467547068683,48.36824612517923,Low,Clear,Van,8,79.79203945697625,10.089731091485566,Express,10.971266872150117
344.82439342101253,3.0576017220690748,Medium,Clear,Van,15,92.05439734131039,8.830375805451068,Express,12.378819640678111
218.54401462466564,25.487382116074144,Medium,Clear,Truck,6,91.19556001290962,3.352481315319664,Express,9.960650857254713
124.70821255307519,36.06347039246623,Medium,Clear,Truck,11,63.63551647523632,12.708142313600828,Express,6.874058117651381
409.91295420175146,43.20070332188436,Medium,Clear,Van,6,98.2443618513874,7.37910573914035,Standard,14.597853678318582
400.10910772655166,9.373152789435608,High,Storm,Van,4,55.26397951710963,12.338040283702076,Critical,16.12339328404444
347.95884248550453,40.10017234730223,Medium,Clear,Bike,11,19.246265008989617,6.0901880428232875,Standard,12.950508238813246
137.5282783405214,27.85900024806799,Low,Clear,Van,5,69.91081179018853,14.770283308728585,Standard,7.637505035903361
295.93487210080536,20.12940725850318,Medium,Clear,Van,14,114.51465922912728,11.557340377519445,Standard,13.093483498177681
181.76500067613335,7.019893914665131,Low,Storm,Van,2,96.1942699101388,14.489253076688602,Standard,8.521680775816272
47.607872516663804,43.33214006599116,High,Clear,Van,3,71.55057448460788,7.714897183647882,Standard,6.3936862621195685
458.8221605801969,8.28502380489591,Low,Rain,Bike,3,79.38265094014615,7.105366984360507,Standard,11.68000638447399
70.13567819764278,15.834499030850413,Low,Storm,Truck,14,112.01463310909085,11.331807139878867,Standard,8.256468619850551
475.2182022027596,14.857253832140625,High,Clear,Bike,12,54.259421360020454,13.204368945201454,Express,19.299138865437317
224.11087493306195,43.634994692447286,Medium,Clear,Truck,11,43.110325978403296,14.46218693798337,Standard,9.978115256203155
94.19619856163258,33.798798213340454,Medium,Clear,Truck,5,117.38277997505163,4.8682785904874954,Standard,6.158698134374418
271.86667179442236,39.93572916097293,Medium,Clear,Van,14,104.29596035368834,11.980568607639585,Standard,13.027486224147571
436.72702626645133,12.8981609902287,High,Rain,Van,5,42.15001223113927,3.1596839645330506,Standard,18.09599075905792
366.6479934319615,31.431267930546447,Low,Rain,Van,6,58.334768696506124,8.183615201181679,Standard,15.203453616216914
403.66745163500195,28.80142616561556,High,Clear,Van,5,52.73398483589689,2.697722226137987,Standard,14.672067434421418
330.07411662193726,41.72510365101942,Low,Clear,Van,12,22.1460030472149,5.210960426255083,Critical,10.793014206267046
346.75372912989053,45.3513094938224,Medium,Clear,Van,6,115.1492222385248,13.97037550809689,Express,12.337330155733719
424.899434479529,1.101760188130647,High,Clear,Van,8,51.49592959027226,2.191360496596291,Express,17.113050241234042
126.3346684118746,33.86398599341024,Low,Clear,Van,15,105.66284450335942,9.486013427027947,Standard,8.440402624175656
245.73363189428395,3.0658720564265867,Medium,Clear,Van,2,26.775966183276484,8.89431409391105,Standard,11.60368752073316
112.16230202616191,27.66850392132912,Low,Clear,Van,4,68.00514322328027,1.811075290634797,Standard,5.321191567235904
493.8586679823302,14.73782008766207,Medium,Rain,Van,13,7.755559289291029,4.8896856565321825,Express,20.21024169721001
472.1415511639334,15.68544167634599,Medium,Clear,Bike,6,92.88535564186549,8.444722567728986,Standard,14.476110016373976
21.634552061515937,17.97144592089165,Medium,Clear,Bike,12,71.80509829832201,2.807679134827354,Standard,3.675018905452165
353.37643591281284,31.2539762279557,Low,Clear,Van,5,76.94280209902156,12.009354846192231,Standard,11.394016632809993
462.77366207300156,17.035473300604075,Low,Rain,Bike,1,10.947901493785148,14.582347643021247,Standard,15.282034959312917
91.9265218734121,36.76860300421888,Low,Clear,Bike,9,29.26940797399077,3.221390999437081,Critical,4.256600263624885
284.8367248152095,20.52410558590655,Low,Clear,Truck,3,13.548050320661718,2.803679471858639,Express,7.454403738450048
457.91317219884485,3.8834834153429516,Medium,Clear,Bike,2,38.22514631743835,6.82402607696167,Express,14.929344313104492
18.905097335727824,39.29611220296331,High,Rain,Van,9,77.15548588344737,11.216479157100482,Standard,8.8969253861121
349.3152930889263,14.645037067338947,Medium,Clear,Van,7,70.11138819649815,4.224009153528771,Express,11.136311447900248
150.0798056715303,21.9219605401635,Medium,Rain,Truck,5,75.39722948553988,0.298198630459206,Express,7.197333908457135
462.34930529751216,34.429472219484126,High,Storm,Van,12,68.16389620845784,8.118309420493409,Critical,21.812347260424644
485.58700609235314,16.956579778861244,Medium,Rain,Van,6,36.39831150272383,14.349008516509615,Standard,14.009037371664572
472.24471157849007,3.3009899792624235,High,Clear,Van,12,33.118362194608906,5.869152831104183,Standard,19.337572146317584
238.15867989541695,19.009091827134274,Medium,Clear,Van,11,20.761863606706846,6.302018312746506,Express,10.773908192530664
431.2972401926781,47.25020484336802,Low,Clear,Van,4,102.6431506139016,14.533525756710569,Standard,10.32019269225411
422.58560047046507,32.26585266627863,Low,Storm,Bike,1,75.89512623224311,10.419114174400924,Express,15.065957161785592
160.9120356751413,33.73821785902674,Medium,Clear,Truck,4,26.448766437966874,10.787578842631877,Critical,3.3464539631041164
414.79990612703733,31.797966605063174,Low,Clear,Van,9,25.379078679442546,8.440530080566015,Standard,11.606261143636921
20.429802088315327,10.35011087849212,Low,Rain,Van,1,105.39909417550572,14.619138162948623,Standard,2.791563802613447
298.94239948406243,21.207526273062868,Medium,Clear,Van,10,90.41404933278172,10.332997266383341,Standard,10.361638736143071
116.54440096927613,37.67152001898425,Medium,Clear,Van,3,80.83089418911771,13.425491274077542,Express,9.138875261989316
62.04230911708485,5.517958428881378,Medium,Clear,Truck,15,51.789372367019475,10.490682985998317,Express,7.4317593337459105
40.32269441134616,14.253712416440758,Low,Clear,Van,15,35.12718989202952,11.02673737260594,Standard,7.0534883950749725
348.7518103873136,14.177795869059754,Medium,Rain,Van,5,117.63683775797473,4.3561638321336975,Standard,13.958427935006812
171.25773195649694,21.884936915928048,Medium,Clear,Bike,7,96.68255112762202,4.552180470207285,Standard,8.833521857580523
362.9338522213232,49.02825267663816,High,Clear,Truck,9,39.7046106606718,11.744769743640438,Express,16.786525197462872
34.5474577178733,3.841376060849186,Medium,Clear,Van,6,102.46995157202689,4.450594337548494,Standard,5.623521320263982
159.01458823964396,26.175699221839455,High,Rain,Bike,3,92.27717409068838,8.441551062022974,Standard,11.156026943097698
270.66666360291794,9.378551759604417,Medium,Rain,Bike,13,39.16426323596981,3.740284663600529,Express,10.960935261039232
395.7801360898038,48.548488997782336,Medium,Clear,Van,7,54.053578237788564,12.25475071213604,Standard,12.607465941316567
160.73874646017083,6.108523484009478,Low,Clear,Truck,15,26.384646219968065,1.65752026841535,Standard,8.551971431547777
313.6939054656305,20.478249616898765,Medium,Clear,Van,14,17.771031103482574,12.441699596424966,Standard,13.024559776093398
443.2169186216212,37.025306749313,Medium,Storm,Van,4,88.11763377656513,9.040947007614028,Standard,16.435939605396428
308.6998677147877,35.37544418735854,Medium,Clear,Bike,3,35.76386359569466,2.8036430224061593,Standard,11.502834447273942
118.01381842730962,21.425067526249645,Medium,Rain,Van,14,99.30682706081916,8.130530782591773,Critical,7.405677763637821
14.151589215155933,17.65294631365955,Medium,Clear,Van,7,119.495001824159,4.237482552710107,Express,4.603769944450841
435.3092392026631,20.181812738367093,Low,Clear,Truck,11,13.811278601909597,4.852010020957449,Express,11.500882170265946
12.592166603492794,13.581675026352645,Medium,Clear,Van,11,59.39903938462553,5.272920623953205,Critical,6.312386820415916
437.6014329967313,10.66398046598659,Low,Rain,Truck,7,97.23719432074235,0.9497887045848141,Standard,15.162017137621431
265.41069274555156,24.410465029165053,High,Clear,Van,4,95.72935310224186,14.789425266021262,Standard,10.618246756385274
469.6557138594223,13.792420925346562,Low,Storm,Bike,12,92.39967320806137,0.47301942196836144,Standard,17.51954703740568
399.79405141528537,14.729352412413881,Low,Clear,Van,7,45.13441755971976,9.937453097764177,Express,10.196928418452172
498.97118704560205,33.009425141990576,Medium,Clear,Van,11,57.19312440378101,5.568414716361458,Express,17.58761731549189
176.65448409495167,48.44259791914467,Medium,Clear,Truck,14,73.42136109426907,9.690154364200485,Standard,11.742154064177472
384.0597678877012,30.38004142768907,Medium,Rain,Truck,2,117.00316711092458,5.343723796313757,Standard,16.003083048534027
202.1615949774026,4.31048361971583,Low,Clear,Bike,1,42.66793615792668,10.106259693882881,Standard,8.32134931865398
240.9780589113466,4.241388885776315,Medium,Rain,Bike,12,111.16154708743863,10.938532642025413,Standard,15.006740252542448
314.4977206827483,47.59544943185551,Low,Storm,Bike,15,35.976045590756826,10.358289605994672,Express,16.330646019400195
437.0912028647967,15.215894120213015,High,Storm,Truck,2,118.74356352947603,1.7094297203722841,Standard,18.45772476881694
492.07356766124894,5.057315811082534,High,Clear,Truck,4,82.08032398517305,9.853398519820269,Critical,16.62274844685765
384.60016010453006,30.152707063943886,Medium,Rain,Truck,8,58.30382024123336,4.1998132418114595,Standard,11.813499845079708
210.0478575193322,31.370614525368172,Low,Rain,Van,3,75.53989922731456,0.43202055854000276,Express,9.66732383092272
211.83578713398094,32.600988595875066,Medium,Clear,Van,15,36.341084439623785,6.22246007833431,Critical,10.29600238301971
369.31598619126794,13.736400378948295,Low,Clear,Van,10,36.52999361381866,6.503146542057015,Critical,14.110021791004637
120.91101859261457,1.247978868616514,Medium,Clear,Van,15,18.05877254200179,7.007612000286698,Standard,6.662857045898743
57.01610833943454,48.268260787996354,Low,Clear,Van,6,18.11578423612086,10.572362480860743,Standard,4.717194982927469
178.60183450510672,12.919205761709573,High,Clear,Bike,6,44.9822502689248,4.632657137136887,Standard,8.008298571175803
145.0450178437327,33.9633012586011,Low,Clear,Bike,13,92.72837995808274,4.729207696558839,Standard,8.294097080217409
149.56144398708307,35.47817855899612,Medium,Clear,Truck,9,74.91668427378869,0.9082838436189089,Express,5.780978806617924
118.33666002285516,30.695367145434542,Medium,Clear,Truck,9,16.797224438067396,10.302318239884439,Critical,8.142390491361493
22.962408438908216,15.988916013575587,Medium,Clear,Van,4,103.00720037222976,8.51739137099376,Standard,5.888258783774987
10.901219497240078,13.919264561321256,Low,Clear,Van,9,74.15727710385764,5.241376690406821,Standard,3.0525251308253516
493.8857500885437,30.084579993783805,High,Clear,Van,15,115.49839133024967,10.57783468376032,Standard,20.454032741590243
215.03102060045944,43.37173386377873,Medium,Clear,Van,15,82.07132875228886,8.060366238403157,Express,11.046521110970897
193.39467028552147,47.36331958170808,Medium,Clear,Truck,13,25.145109325980815,7.038674188058095,Critical,8.346920218171132
340.4643467811488,5.742337317986003,Low,Clear,Truck,6,59.48508666539956,7.669868154916896,Standard,11.189560535133825
110.69043615680195,8.164016323587132,Medium,Clear,Van,2,79.57722371792848,9.545221879005847,Standard,4.998681623199468
475.0806696072122,47.264444809762445,Medium,Rain,Bike,10,8.250440620747435,9.900039068618993,Express,18.2594951423576
393.59981717894493,36.958493802572235,Low,Clear,Van,14,6.7146803778029085,4.334367287110758,Express,13.0853618228021
46.526679151505235,44.20819432907377,Low,Rain,Van,11,19.88134506883531,2.1111504508672985,Standard,9.766223232233857
209.9552263408943,10.530315389699487,High,Clear,Van,6,33.941410030229136,2.349512717857781,Express,9.603380128699804
439.800917165958,29.585500619915393,Low,Clear,Truck,2,54.39814920487769,9.590863288545025,Critical,12.377104814992016
472.4765471011223,35.20640992366494,Low,Clear,Van,8,61.055654482375665,13.09309928650689,Standard,15.74119149127879
234.76595260243514,34.16553832962514,Medium,Clear,Bike,4,20.87317502785813,6.142444175183277,Standard,10.241988729685508
307.47887182693245,20.703508697901558,Medium,Rain,Van,5,82.44003159832054,2.5428024049419355,Standard,13.002054401852103
85.18290515385347,1.2620471387197696,Low,Clear,Truck,8,73.55587709510151,11.349037474407819,Standard,5.736781610134032
495.6019758162143,29.354839811811026,Medium,Clear,Bike,14,38.863371366733425,12.487342116291728,Standard,17.671444710586847
117.37250728895481,13.028526189390634,Low,Clear,Van,11,6.570886595058581,13.208736646814499,Standard,4.5123677797136175
471.4804235192926,22.787585184073073,Low,Clear,Van,8,13.929510265628435,9.102471433705999,Standard,12.75965418191251
325.5240311981995,47.900260246648955,Low,Storm,Bike,12,50.04489918374653,12.91092839082127,Standard,16.18957777145492
304.6529238496718,20.25224822330052,High,Rain,Van,14,22.70705038405365,0.23122437672611518,Standard,17.759188986646272
257.31887848622125,42.070179529889124,Low,Clear,Van,12,48.33425470701665,1.608537026542853,Standard,8.333264410587898
116.87356623544383,9.83275998458793,Low,Clear,Van,6,77.24099951869084,1.3886410057814813,Express,3.2888333419460993
89.91095993874312,33.786794652238925,Medium,Clear,Truck,4,67.9323042061176,10.689070263820994,Express,3.0758687777876217
111.80213211694732,48.8618442447277,High,Rain,Van,15,31.585226560800336,1.0437267531536853,Standard,12.5279714411152
94.84625454783875,5.543708493210371,Low,Clear,Bike,1,44.53958649475653,7.445465586994605,Standard,4.978872840488167
390.23306783624315,0.9118371402460046,Medium,Clear,Truck,12,75.61358782159482,7.0906034795443365,Express,12.62873418880498
176.36237906503158,21.96234823531441,Low,Rain,Van,7,103.9983282249966,4.6605528533736145,Standard,12.508732053736617
30.80565292857139,5.084961411042676,Medium,Clear,Van,8,91.61954545497089,13.056077549131498,Critical,3.546157394661642
484.61310981012406,37.54502530897345,Medium,Clear,Truck,9,68.64100308584273,2.55649802819994,Standard,19.15340232093865
442.125370711786,45.77015886050367,Medium,Storm,Van,2,46.66369480639592,5.2869417659885976,Express,18.000984455222703
464.02063703121604,21.984038149083563,Low,Clear,Van,1,46.980896917307625,11.612572500343937,Standard,11.592393140517295
497.4640956779248,13.306226286694327,Low,Clear,Bike,4,106.13299068040554,0.45633471589926367,Express,14.364489243749723
88.59983411130467,22.002964290827183,Low,Clear,Van,13,9.513011244662836,10.09425600369553,Express,3.8468004830040865
199.32852541352406,36.31066698357505,Medium,Clear,Bike,5,118.61800410833001,12.24596589542356,Critical,6.544971607164864
379.60276090063746,0.9481809982283634,Low,Clear,Truck,10,81.40317224792966,13.984017582572509,Critical,11.641937186236728
348.61826779078854,29.67797247949251,Medium,Rain,Bike,12,83.3308353933249,13.144449607372273,Standard,13.236918094442697
78.64016135724782,30.857938401925264,High,Clear,Van,1,9.369751290045347,4.7907617525052775,Standard,5.58725861384657
408.2848962453277,32.06556822134881,High,Rain,Truck,5,74.6358666124963,8.795462119844288,Standard,19.6313528801386
113.77140477465701,12.480092959053422,High,Storm,Van,6,60.749476910401405,1.1594023972569878,Standard,12.259136377717603
113.4611721816663,35.84560980721727,Medium,Clear,Van,3,17.164574292817704,3.868050053220129,Standard,4.989771508137313
269.41326260091995,5.023878573422932,Medium,Clear,Van,12,36.961031238476295,1.4133356812126108,Express,9.939603710447932
297.28408755116817,10.36388165510664,Low,Clear,Van,15,107.38616246456989,4.727809352309458,Critical,11.1854015298319
290.88293150322994,43.934767309396854,Medium,Storm,Van,7,68.24866782458459,13.127808201880935,Standard,17.531665373682632
47.56044502408193,37.06679596096504,Medium,Rain,Van,14,52.542906144999506,5.20750259511439,Standard,6.334696158342435
438.9755095899294,1.1804049235615899,Medium,Clear,Truck,6,13.358447921693259,8.428471545021395,Standard,13.81260279257226
134.26882120917563,12.79462488830511,Medium,Rain,Truck,4,87.12397565126514,6.5007127217241125,Express,8.332143488097927
66.49843079883648,11.113120908161646,Low,Clear,Truck,3,85.82784469054374,6.8837478644810295,Standard,5.806974887737796
444.5965437747506,13.904913237830142,Low,Storm,Truck,5,75.61501480184481,14.543580777548375,Critical,15.250118041687218
477.9144461184172,12.754208628854377,High,Clear,Van,3,63.68020431537466,4.4423170239578695,Express,14.681630512085198
431.3395533981944,3.595051639270864,Low,Clear,Van,10,54.88520625384786,9.40986704284757,Express,13.85389348657689
405.1390052129893,23.217555571542608,Medium,Rain,Truck,9,73.22617569361911,6.300940043691706,Standard,17.875410566936697
328.31050635823283,36.77030700191517,High,Clear,Van,9,31.84047694876677,0.9171927157152931,Standard,13.795390324601696
276.3269705633514,30.533220373513103,Medium,Clear,Truck,6,113.24479238042949,7.339962474363539,Critical,9.472384863287518
45.31940643588225,33.80714759560495,Medium,Clear,Van,13,72.7113708557264,12.200149935676624,Express,6.089933146523968
205.40970010920796,4.516884337543838,Low,Clear,Van,11,40.7871311007533,1.4812945302253255,Critical,5.497808931341126
187.59888147213235,47.59879015375097,Low,Clear,Van,6,56.713182851793086,1.0438777109446344,Standard,7.714768689015658
131.35738431264244,42.00534577522973,High,Storm,Truck,12,97.65375072084262,2.304472805899,Express,14.960719415647091
362.2632166169153,40.351970765535306,Medium,Clear,Bike,14,23.585846983984204,11.46600167083959,Standard,15.398520314559628
248.94611606922786,41.23769834956749,Medium,Clear,Van,4,38.676096582929944,10.85993076217107,Express,8.756137894645397
42.36101552200867,46.66917015257169,Low,Rain,Van,4,83.14342261470388,8.475266533591657,Express,7.206767440043424
111.65123457100604,27.440571322628035,Low,Clear,Van,2,41.281258745455744,7.0233960613894855,Express,6.9821409984679565
342.26286430247876,10.413959884447483,High,Clear,Truck,10,96.1376934140686,13.324887220539331,Express,15.129567181131266
39.913168026169494,31.030788588700787,Medium,Rain,Van,4,20.002151025396493,11.500467357502238,Standard,2.8416411365065315
425.9010431962868,37.27263393656298,Medium,Rain,Van,8,92.70890960227997,12.179133769527079,Critical,12.912089595343891
248.58297045295922,37.02691097102426,Low,Clear,Van,13,12.860447207815117,12.198934520259813,Critical,11.211581158229016
241.3321155086707,26.311726696260564,Medium,Rain,Van,10,6.4481504567619,9.64075732118337,Standard,11.48681817803451
297.01907676043976,3.888706607012114,High,Clear,Van,2,108.29570466569864,6.870219364739188,Critical,13.96187846703834
412.6911210307243,18.87009045229133,Medium,Storm,Van,9,71.85400994721434,12.970166288784755,Standard,15.535746738049404
175.20898553529213,46.07794711893619,Low,Clear,Bike,14,45.46009316498332,13.89011126404876,Express,7.91953265525522
339.65204397441363,29.430221032992588,Medium,Rain,Truck,1,31.748383250842796,0.3570906488751452,Standard,14.043237273215706
283.73451806990397,27.147431191157814,Medium,Clear,Van,13,75.94186507499386,0.7733230989937695,Critical,10.986262645322352
134.98007854437182,13.80824896191858,Medium,Storm,Van,2,63.53525110672489,14.38114945362656,Standard,10.49098032265999
439.55773320486867,18.738221535870657,High,Rain,Van,15,119.0337441859483,4.157409207662922,Standard,19.847955924165632
399.1181587602502,44.81963141308188,Medium,Rain,Van,2,118.06983846518077,13.10054159474128,Standard,14.98515604757087
329.9090136598959,33.489920852578365,High,Clear,Van,11,78.0278251062851,5.831926784421039,Standard,13.17768163926291
425.5897010889325,39.47565782424048,Medium,Clear,Van,13,55.93010820217741,1.7865008641403342,Express,16.10865771673371
433.9125120779816,22.99009844184893,Low,Clear,Van,15,61.48121145048614,1.206648003140014,Standard,18.97135741925407
354.7647624040873,31.697237363079818,Low,Rain,Van,14,83.48509261723912,2.347618486206847,Express,15.134526700454924
418.8326375251087,12.794988632788773,Low,Clear,Van,6,16.681072587068858,3.748397923010471,Critical,10.825391310910312
349.34078791130327,35.420311099032574,High,Storm,Bike,15,42.76048848823259,7.327775308962393,Express,20.37815158388544
340.7101043366296,21.666266018315195,Medium,Rain,Van,14,13.656307715414444,10.522468508486753,Express,12.743366260296579
310.06846635116176,22.406002983329905,Medium,Clear,Bike,7,13.43648734444575,14.7959786472795,Standard,13.438855264479209
376.85288649970533,32.64145506655564,Low,Rain,Bike,13,27.52151281783688,6.622601149337566,Standard,12.663859403758291
80.9853424359507,46.84589076271187,Low,Clear,Truck,15,60.80412427822109,7.772774135146648,Standard,7.355123059209153
440.6736380810664,3.6683141571267357,Medium,Clear,Van,15,95.24904693372078,7.827235520748834,Standard,18.991233550287483
436.17807681712554,41.32479024867688,Medium,Clear,Van,3,60.83202748407534,8.091515332319041,Critical,12.330418797783217
16.565146951210455,14.97296396540356,Low,Clear,Van,11,43.57981021450002,7.766109856566934,Standard,3.975776586671582
413.25674178125183,22.474012998065703,Medium,Rain,Truck,9,14.470593888727185,0.1316213259287674,Critical,16.672844876660914
66.1771940017757,1.5847097743629432,Low,Clear,Van,5,68.28398516605989,0.025872331647610602,Standard,0.9132919668891182
168.88918942105266,15.401780852798495,Low,Clear,Truck,5,36.195887445565326,1.4649947718918437,Express,7.519332932621869
372.2671116332207,25.38024651019146,Medium,Rain,Van,11,75.71743046047196,1.5233490514376824,Standard,15.603166955575832
82.05842823205748,3.280715828698231,Low,Rain,Truck,12,117.3765900002281,10.573453634321941,Standard,9.649183608205423
409.34757801129297,24.809238604466675,High,Clear,Truck,4,17.801146969918268,3.0737404877399968,Express,13.055246245159221
416.40282062295546,46.39197612849215,Low,Rain,Truck,9,29.39442085302309,13.420711571334193,Standard,12.641690950846815
254.71893141289644,5.716964296336358,Low,Clear,Bike,8,59.4058718814281,13.929094943655292,Express,7.6948796722039186
5.180164114983123,38.339816039737464,Low,Clear,Van,12,116.3905887647819,14.63840006843848,Standard,3.869877701489167
144.94499032110656,20.778717142111635,Medium,Clear,Van,4,93.7581242710495,14.086219573305302,Standard,6.787225258780623
309.22960535111963,32.931098868954734,Medium,Clear,Van,4,108.29635721372546,4.07832482877787,Critical,10.558260345900429
490.6307166576569,13.381711600268853,Medium,Rain,Truck,2,43.37720757471619,7.646652670552687,Standard,13.069306113873841
316.6431364543009,8.394866995797235,Low,Clear,Bike,9,119.08442448453837,2.6318245529541153,Express,11.323306973736097
131.38218336995158,8.44289940642571,Low,Rain,Bike,3,16.825773847378102,12.093144827586498,Standard,6.077076632697198
317.73484014360645,3.9893513093356603,Medium,Clear,Van,4,11.091884195301596,13.32647557716144,Express,9.413391196798914
270.91271909849604,9.68951189261153,High,Clear,Bike,14,103.39430211121324,12.769332589462723,Standard,14.17836134511044
390.36300678526953,33.37885955695393,High,Storm,Bike,7,111.63546007380342,6.500504230452523,Standard,19.166785532203534
55.276358135825284,44.14368528625365,Low,Rain,Truck,10,15.417316117801702,11.380108270301715,Standard,3.7008773685288574
380.99189544600995,40.79922143676251,Medium,Clear,Van,8,18.04415407577177,1.4636875436440415,Standard,13.243488931421375
271.55075618070293,34.414148338786966,High,Clear,Bike,8,8.815028141913988,0.6036715592887604,Standard,12.457464483285571
481.5700179217793,5.966377238849582,Medium,Clear,Van,4,17.018369703913272,11.298546214631413,Express,13.625268747800034
172.25233868726568,14.814778591649517,High,Clear,Van,15,29.0832789320323,6.380329114930255,Express,8.18313114770065
317.04570278070616,15.835440328462214,Low,Rain,Bike,7,116.55881117465012,14.933238971093537,Standard,14.199719767299104
466.1499965439887,12.87286884668225,High,Rain,Van,10,81.80392555756325,1.4588132378329859,Standard,17.811904043385123
53.04984453935827,25.992780155631294,Medium,Clear,Van,1,94.53359793463234,12.834415223028506,Standard,2.4738694901800256
468.73978664375267,27.00991383654379,High,Storm,Van,6,94.25603142452505,7.199745982934876,Standard,20.527953761003033
344.5670897058051,18.165855770969955,Medium,Clear,Van,6,66.53348122460969,12.407252932558155,Standard,11.715141480773884
35.782855434375605,18.012563357453583,Medium,Clear,Bike,6,96.71123243699698,12.256909232552173,Standard,5.737180646578981
151.8798563395145,41.513502096351026,High,Clear,Truck,12,73.51786622484651,13.73988002043116,Critical,11.061299037258362
354.66970014535025,39.569995991824435,Low,Clear,Truck,2,41.17280122438613,4.467750169291541,Express,11.55650332911417
35.54059953144831,15.73589366819691,Low,Clear,Truck,8,69.52766250836608,14.246990301930046,Standard,3.786331215953711
291.9208891677841,45.732527971726334,Medium,Clear,Bike,14,66.35348740546905,2.2750044053643044,Standard,14.119197958023552
174.24976236257245,47.66434334162405,Medium,Clear,Truck,15,99.69710118232187,1.229531663902358,Express,8.178373513873318
311.2159278482036,16.67375583048702,High,Clear,Truck,15,117.89862999889078,6.474232760585237,Standard,17.12786006914685
24.7795328386314,18.044034965256216,Low,Rain,Truck,5,52.26989502340701,12.42484452962764,Express,2.91314934292291
436.0253294638834,25.52889059438696,Medium,Clear,Bike,5,92.78992802075636,7.101316959501684,Critical,17.167899921479272
486.7975066503437,47.08548022041684,Medium,Clear,Van,2,16.472745464385355,12.43930016295771,Standard,16.463520774085993
484.50117193227436,43.87781194054442,Low,Rain,Truck,4,94.33560748655319,10.945302086914579,Standard,15.968983309262924
375.3266122079765,5.577114147887695,Medium,Storm,Van,12,47.712944879221695,3.141425792084003,Express,16.645836266891465
66.78294758505471,19.940171791935104,Low,Storm,Van,9,9.529868732313966,14.233224373491957,Critical,8.189798137966207
379.6150715726532,27.891873892613706,Low,Clear,Truck,9,46.77331053465038,0.9117175294410512,Standard,9.64338767813957
14.244284396483152,25.40505739130123,High,Clear,Van,6,75.22391635598915,13.474195613156924,Express,4.860555967328912
13.017528661440632,10.096221862876188,Medium,Clear,Van,11,18.713769283368656,4.56665173485561,Standard,7.0709163171459135
163.15788913647154,43.01143017282366,Medium,Clear,Van,15,111.26396662947928,7.5022212474659895,Standard,11.82647781569682
245.34430882152355,34.00856875834345,High,Storm,Truck,9,13.932327526376437,6.335278090511017,Express,12.900942246301232
385.662894068281,41.97646455516428,Medium,Clear,Bike,4,111.9507727808141,2.5775183537537427,Critical,13.88323977593523
342.2810975500396,43.00883182779887,High,Clear,Van,15,86.32081456260394,5.372202996025397,Express,14.358081777869018
224.05954777562067,37.54361475645412,Medium,Clear,Van,11,42.91690017263342,2.894016544391929,Express,9.551684746740795
138.2660798082696,22.24092476186101,High,Clear,Truck,1,49.936289986545724,3.0582971319078576,Standard,8.267925889812936
498.56800107854014,30.722064373263514,Low,Rain,Van,2,90.19307694426558,2.8058525403957053,Standard,17.059851586688794
214.23828851351453,8.438087602927286,High,Clear,Truck,13,74.16917660133885,7.335260705198914,Standard,13.073276304207184
226.79073811617837,33.84544816500793,Low,Clear,Truck,1,82.2389359673187,11.968970512669733,Standard,9.53623950192002
83.48466295345125,9.373036159094397,Low,Clear,Bike,8,49.7539308990502,8.534550506418615,Express,2.5927879003409178
397.81515527746484,34.85050473025276,Medium,Clear,Van,9,61.09855040787388,13.39809882826263,Standard,14.301426646279163
347.45374843918137,11.865108957321448,Medium,Clear,Bike,10,118.83476066435774,9.548167328650862,Express,11.93289013320427
111.94326716880268,6.318789357435889,Medium,Clear,Van,12,29.601130107467537,10.340101734489068,Express,5.936688415825311
43.02576071668966,8.681582262076393,Medium,Clear,Van,6,53.05346145004511,10.014108445905046,Standard,3.310288536707086
340.88865243320714,0.5986106933439783,Medium,Rain,Truck,2,38.55966657100624,6.741887897756118,Standard,12.873341184098715
327.94658471200535,36.077611083749744,Low,Storm,Truck,6,92.98782370058272,10.340082333001241,Express,15.521608190053243
138.08324444510825,36.753851928389764,Low,Storm,Bike,9,92.86145195155788,1.0456161970344175,Critical,11.636423001564479
475.53005400070435,25.989200820706344,Low,Storm,Bike,12,38.631228014700525,12.897772078734947,Express,16.26799359382663
77.22683010688831,8.487458652241493,Medium,Clear,Van,3,14.359886412793035,11.66718215165876,Standard,3.9786669137144983
217.30273091921575,4.635939706779142,Low,Clear,Van,9,6.314757817303465,3.678449373475182,Standard,6.331393648337965
471.9207282434642,1.446883838645707,Medium,Clear,Van,2,54.15681132288583,11.520486813811235,Standard,12.459441384995436
211.02420382920891,8.704534759778426,Medium,Rain,Truck,11,52.18882334861365,0.1896390210002774,Standard,10.23225637506214
319.9859219367146,44.59734898166576,Low,Storm,Truck,5,118.66483604358424,3.2586985872132064,Express,14.777184908563566
200.00201018547156,12.456073664233248,Medium,Rain,Van,11,59.02723870523316,0.977058580063439,Express,11.334508445129018
138.55917076963766,18.036430697252175,High,Clear,Truck,2,34.488112501173376,11.70340374926842,Standard,8.361591189488175
492.0208686839945,5.7146014818259925,Low,Storm,Van,7,107.49138571861874,11.338112267675807,Standard,19.31115048895036
205.84833514489142,11.50688458503443,Medium,Clear,Van,11,61.47281421016152,12.20454035702746,Standard,8.296527343102495
447.26140343220897,26.201616253620152,Medium,Clear,Van,10,73.90519804921645,0.06722539988293252,Critical,17.33287121903409
116.51739373376093,30.5837578132348,Medium,Clear,Bike,15,16.001901699244456,7.51849090017612,Standard,9.267894448884048
108.12614260449149,12.644939551227447,Medium,Clear,Truck,9,49.03538684292402,10.572542962760048,Express,5.539315342464068
17.50477327648666,3.357741881643302,Medium,Clear,Van,7,113.58572256448548,2.331016931085232,Standard,4.39539394559137
326.5300790371908,19.856127021806234,Medium,Clear,Van,12,72.79311918017392,9.746860912689371,Express,11.658424499116474
185.52611917443303,12.09306686085354,Low,Clear,Van,5,44.617713341383094,1.2616514896452857,Standard,5.166730581518198
432.45040842013924,11.367919199875196,Medium,Clear,Bike,15,76.95172577263321,2.719887841564698,Standard,17.595441477428025
237.65853353239547,48.01320873431604,Medium,Rain,Bike,4,109.69727530148336,7.136952224919016,Express,12.22564336040469
484.16032710153144,31.00687405332334,Low,Rain,Van,12,36.50891905434786,9.80347729021653,Standard,15.626000532562754
94.39170682015433,28.065482937018746,Medium,Clear,Van,4,63.08842262412756,2.1880369043084413,Standard,4.202526443268366
434.57433764189415,21.080867624404434,High,Rain,Van,15,115.24942519985187,2.7783499624640684,Standard,18.547625378773613
388.74523269028737,21.73274450479214,Medium,Storm,Van,10,24.825556479322056,3.066695505984945,Standard,17.1852277905203
385.9190786327379,27.274797689985,Medium,Clear,Van,8,87.76135144362183,3.5805120704846773,Standard,12.294048603663313
422.70204760221003,34.97327544828731,High,Clear,Van,10,75.66531594334297,3.3983077278943687,Express,18.355916773919777
380.9899474896134,35.256231761000556,Medium,Clear,Van,13,83.16264008117301,5.927236627464551,Critical,16.116390995918277
313.8577201724449,8.998848431419754,Medium,Clear,Truck,10,45.39025752677051,9.806844762550844,Standard,12.570352446393736
67.35994908582902,25.255581227793034,Medium,Rain,Van,14,41.09612795063297,6.570476747017045,Standard,9.307770535781726
18.198037386643456,20.891925704188047,High,Rain,Van,10,83.68411211766261,11.639608631248322,Standard,7.895087902299552
460.58222821221204,43.591084830334516,Medium,Clear,Bike,10,29.787477787022716,10.789027589229223,Standard,16.592041599875802
309.0918566313275,31.755236600309633,Medium,Rain,Van,10,53.26029565878559,1.8979037107361352,Standard,11.816558999299254
398.6755709061358,26.8589512875911,Medium,Rain,Bike,1,26.640084296085572,0.732624349811159,Express,15.445868795334814
241.79813105324993,6.21203478785641,High,Storm,Van,5,5.95505672918292,13.169123459994092,Standard,12.251800131684437
60.419478103272446,30.479075521508868,Medium,Clear,Bike,14,116.55659640437798,1.1974659984431013,Standard,7.725252359135374
64.34252451687013,6.301593331171555,Low,Storm,Van,2,54.64584254548819,2.2250877107956963,Express,9.70063476609187
343.4115130400277,17.191725490504727,High,Clear,Truck,13,116.4752056582799,0.3319991333717709,Critical,15.097575037263937
216.29233565993243,7.570677258309427,Medium,Clear,Van,11,21.1372047733,9.425045479479806,Critical,9.806615911008167
101.86131389676768,34.75764552770626,Low,Clear,Bike,9,72.5471796376109,8.735558447375228,Express,6.460840047603819
246.81408427723557,10.709479634889554,Medium,Clear,Bike,7,28.112013770992554,14.803554996528835,Critical,6.576968321335919
33.97605066341677,19.897038972807287,Medium,Rain,Truck,10,95.85852460077659,13.30398594475758,Standard,5.266385131128733
291.8217581533706,44.835901492129544,High,Clear,Bike,8,95.12584370751215,6.1626476622136455,Standard,16.81691965946894
135.95871540867864,10.61366097824903,Low,Clear,Van,6,17.949822139520855,5.573787613688025,Standard,6.419363574784581
399.1844321173197,25.636350665959565,High,Clear,Van,9,109.88741208078476,4.452780514199776,Express,16.079381278737284
156.56025554393975,21.25394722771809,Medium,Rain,Van,6,27.38240942837083,2.2861038005682204,Critical,7.1664882493404
228.699634242737,1.3971400317636218,Low,Clear,Van,7,75.49239428277644,2.0712548490301357,Standard,9.241622837242597
7.7870288742341165,39.741526621854234,High,Rain,Truck,7,118.34786631008596,1.9842556201440815,Express,8.154324391493688
38.07855012169032,3.9177723625726864,Medium,Clear,Bike,9,106.47560149813184,1.7117213578016783,Express,5.659751012508865
197.46179109052903,23.975623538359205,Low,Clear,Van,11,115.00485178453444,3.607680636083054,Critical,10.435370997786709
241.0095396891275,28.253575599478022,Medium,Clear,Van,8,44.398858690083735,4.600029454696746,Express,8.397539379061442
300.8102329634132,31.60710960242206,High,Clear,Bike,13,17.141198855238287,14.423684565583738,Critical,11.322057316591849
147.24796419723302,34.587265650739845,Low,Clear,Van,1,26.65989042828676,8.677098765028287,Standard,6.737448562185774
348.1009792910182,13.036982984374397,Low,Clear,Van,4,62.55691293381059,14.813936617699214,Standard,13.825235798254695
430.3409538002239,0.993949444593244,Low,Storm,Van,7,96.22141300143204,5.587004217385099,Standard,18.168498538029503
390.36579246888823,36.31046128656814,Low,Clear,Van,11,22.26766908114565,6.864399488841616,Standard,15.243068348121676
21.73017502348186,27.01500166770514,Medium,Clear,Van,8,80.86912620998706,4.868679887479187,Standard,5.011900765433413
241.29245973439882,41.88782630875881,Medium,Clear,Van,7,42.21142446454386,2.74331476344829,Express,10.156605928321166
54.255228852251086,41.158723963584364,Low,Rain,Van,12,44.238238325097655,2.1474706166636874,Express,6.697706134543053
122.53841789953869,42.244645305500214,Low,Clear,Van,3,81.12053896816153,14.176187967117478,Express,4.920389104372512
493.35797144703895,24.512185668987236,Low,Clear,Van,15,58.70493324632032,14.802160226981336,Standard,18.730950160026833
72.96278036495359,17.01460559392485,High,Rain,Bike,4,98.3838286979893,0.6736424476309733,Standard,10.206719751908317
250.4463004187753,39.68213102827281,Low,Clear,Bike,12,22.93062861122511,2.2551881209764977,Standard,9.642498165443463
309.8415556904233,22.83905859494812,High,Clear,Van,7,95.84405102320942,6.352861384515339,Standard,11.21627333968359
351.8275553309638,9.580388721970008,Medium,Clear,Truck,8,12.387053526603399,2.79500214516611,Standard,12.28087785480834
280.7050443764832,42.82121396829298,Low,Clear,Van,7,27.316196228244575,5.45820590440325,Standard,8.237432160143905
6.8658820147534625,44.18671390023119,High,Clear,Bike,6,80.45721716786402,1.9364452478945005,Standard,6.257989139466293
164.57773150550796,23.58233292893842,Medium,Clear,Truck,9,103.3164504987732,6.847676350826854,Express,6.92026974529053
259.8203984055863,4.247136501834479,Medium,Clear,Van,9,34.05815719002514,4.075419242538889,Standard,12.289673078254474
45.75751657412701,19.697391450888098,High,Clear,Van,11,42.62703467032499,5.278575836379912,Critical,7.566414248770789
176.612211742172,40.275114143398866,Low,Clear,Truck,13,66.76888605297509,1.4146897719412137,Standard,10.154268416639596
18.53514817810055,45.13781441303832,Low,Storm,Van,7,29.33087274626977,6.421920760652125,Critical,7.343818319322644
41.13209158320033,10.571900753630993,Medium,Rain,Bike,8,98.28297008256315,14.748864164423548,Standard,6.96298274165964
199.66779154839483,3.8151937952509405,Low,Rain,Van,6,93.9682141756625,4.932495703217855,Standard,9.999444120125755
68.09244551344406,43.928847430075514,Low,Clear,Van,1,21.708546876064887,13.146439122636526,Standard,5.247936946336633
284.63534243425596,19.77554447945433,Low,Clear,Van,1,58.340419158912695,12.647987124355277,Express,7.904909581246033
345.35355463035836,27.317167731244382,Low,Clear,Van,6,94.10519316528146,14.280876274458159,Standard,12.50929665054109
400.6921761563233,48.41925769651257,Medium,Clear,Truck,2,43.7928960768927,11.851642684006418,Standard,11.415334550068865
101.67482163391543,3.794954031754031,Low,Storm,Truck,14,77.80728461253914,9.893952405882224,Express,9.355639543594533
85.40632596501673,32.59174136887873,Medium,Clear,Truck,8,10.774508967620864,12.848766663411864,Standard,9.028303291143404
54.07478448653133,4.16821841745592,Medium,Clear,Truck,1,74.99920746087157,1.1346702098602446,Standard,5.491234639243338
318.94226427273105,19.085711959091768,Medium,Clear,Truck,13,22.555092700069807,6.942459857982117,Standard,12.523813530818238
353.8249117904768,40.28881998707561,Low,Clear,Bike,2,100.5170823881619,14.838843579225882,Express,11.159417263661217
17.729900123169735,21.9568755214039,Medium,Clear,Van,8,45.876688311755025,11.544002269420984,Standard,4.229863420363109
468.23369862935755,49.860526518196046,Low,Clear,Van,12,37.378694213742506,14.431130670558346,Standard,15.87260039691699
27.88169925843326,28.17343460485681,Medium,Clear,Truck,6,101.70223232182077,11.694515342002186,Standard,4.273779899372483
271.5655749799331,16.397526555479697,High,Rain,Van,12,10.766562653258173,13.123229511632163,Standard,14.281678644506771
355.11213868655636,11.39551063228528,Medium,Clear,Van,10,50.61001192344965,10.597944484547865,Express,13.32760339471961
435.7426236255506,17.85076644716501,Medium,Storm,Bike,2,47.55040716612861,11.407530066258596,Standard,16.485587786261096
357.61529220194905,18.940397051097765,Medium,Rain,Van,2,37.752043038698346,7.847670147592511,Standard,12.973694930550247
401.2605853687563,3.901327047336068,Medium,Clear,Van,11,109.85174818016986,13.863565512211993,Standard,15.364864411193665
171.0461958863174,18.79392287162527,High,Rain,Bike,14,91.35676525442305,12.375583659350426,Standard,11.668457035307954
407.7829066457631,23.479806727091635,High,Clear,Van,7,12.35116388207296,12.658274484984483,Standard,15.616558255758257
41.89719349956822,36.27551873582083,Low,Storm,Van,5,87.18905668501972,10.095136514445786,Standard,8.204262414053918
447.61869471814276,33.008109493719594,Medium,Clear,Van,5,65.63940030981131,4.568699206308735,Standard,17.287813005581977
274.70100332456065,35.583899933843135,High,Clear,Van,8,108.59980785618161,0.5344469308520899,Critical,13.360662074249705
409.01428944132186,0.9140022529044264,High,Clear,Van,12,40.98874599506122,14.034826941143168,Standard,15.0360853118576
227.25450569011346,11.274536279236534,Medium,Clear,Van,12,71.02862995510203,8.791805232082453,Standard,10.396746148900665
322.50169220786944,33.2533722757929,Medium,Storm,Bike,7,62.58685659521339,4.472144567222104,Standard,13.619053304909471
264.1485251461844,24.457473724897483,Low,Clear,Truck,12,61.29950421617466,2.237026617713067,Standard,11.907717093816938
366.33158183415526,0.7630170455831243,High,Rain,Van,14,57.452120944479454,12.44284748251132,Express,13.071858513253133
42.65173105123361,40.32248480037521,Low,Clear,Van,9,28.647389686212346,12.547802916713684,Standard,5.649969893279121
32.055337827300775,38.754073877871704,Medium,Storm,Van,4,91.90664108662517,12.217619521957973,Standard,9.314855864560121
125.05741053705293,27.64674856818135,Low,Clear,Bike,10,56.903643765018195,9.676240379501793,Express,1.7409926932329522
81.45325069636779,3.78993462592547,Low,Clear,Truck,4,115.22937162529966,5.490230813878139,Standard,6.769245003573744
436.1482161629164,38.44249495186294,Medium,Clear,Van,2,34.992969127169275,4.5610542717038545,Standard,15.45874554161826
111.16856570430608,29.393822592702517,High,Rain,Van,3,83.51554155710973,0.12832155177255278,Standard,8.882097443186279
487.9808973979274,39.20701886931898,Low,Clear,Bike,1,113.18246415849747,12.504113380323606,Standard,12.857929216197535
169.7741043020112,37.7114761235941,Medium,Clear,Truck,1,81.29770714685064,1.3114904624046368,Express,5.976498966876938
92.69472201297225,40.24860256191294,Low,Clear,Truck,7,105.19638437600038,9.461324970611514,Standard,4.86722400786635
395.2698565569546,26.14139928702893,Low,Rain,Bike,14,100.1603103720557,7.5611242026013255,Standard,17.947430099904356
330.03647219943633,7.446063650578992,Medium,Clear,Van,14,46.41353728123544,7.9003403838952675,Standard,12.529991302664891
250.1014667936632,33.72229493229459,Medium,Clear,Truck,5,74.0142530930421,13.9006926796166,Standard,11.248499067870771
278.5710483669404,31.213452360072544,Low,Clear,Van,3,22.970054078305893,0.47422516906863166,Critical,8.203058619847088
360.1624855795874,37.241532766354815,Low,Rain,Truck,7,66.58547650999395,11.600883369431585,Standard,13.380288971799741
115.77046118298676,8.909109799511398,Low,Storm,Van,14,31.49852675864878,0.7807859755096069,Critical,6.91755566692628
498.17429019625746,10.151272395064316,Low,Clear,Van,2,90.52973371953124,0.572304089030658,Standard,13.149485763368673
487.446994749098,44.57527110235676,High,Clear,Van,3,65.72671851759432,6.447265472120729,Express,18.725280220450742
325.86219180077455,37.623901023377506,High,Clear,Bike,1,52.29114670264096,0.9461276151445008,Standard,12.566978183994923
101.37214056271428,45.457310190665986,Low,Clear,Van,8,35.91166605920242,11.83715926939368,Standard,6.024605962191479
340.7536647307831,38.05640839761408,Medium,Clear,Truck,2,119.85032541174799,7.943446404725058,Express,14.619689532044598
37.95480767162957,30.05918764651994,High,Rain,Van,15,13.24670990176726,0.43558173989661664,Express,8.349855987738152
17.26494609849142,32.87957048287975,Low,Clear,Van,7,10.009478265828303,0.6075102972287927,Standard,2.9442615687251985
130.3260784785844,44.51183223503049,High,Storm,Van,11,29.984601056794425,9.19002794609219,Standard,14.227172371427551
232.38623245617953,29.150934348341057,High,Clear,Van,9,116.67333274219926,12.091677264876074,Standard,12.281857263919528
434.3997076933735,31.803370554255178,Low,Rain,Truck,6,117.61238935679822,6.566992969121603,Critical,15.465722744556837
364.1301967436214,8.245597442178228,Low,Clear,Truck,2,80.31668949879564,8.318710073034365,Standard,12.553215185595613
371.86784755759055,23.959100395747086,High,Clear,Bike,2,106.21226672873655,11.997441810748523,Express,13.65090418884641
213.89568055514152,35.961657041925896,Medium,Clear,Truck,9,29.60559904669147,9.157592610627287,Express,10.15716306368431
174.27562628838754,13.911663566660089,Low,Clear,Truck,10,116.78484083031171,3.371403564882292,Express,7.958358149555658
186.77730396633214,10.511581935964479,Low,Clear,Truck,8,21.420257766049936,9.195780388042179,Standard,8.588026936226209
493.8494827405568,16.03442700710857,Medium,Rain,Van,14,16.629396640890704,9.424191885978203,Standard,18.841329162145513
21.974377323416277,12.454281085645256,Medium,Storm,Truck,14,17.904327013436383,11.0116047132169,Critical,7.072455394394324
433.78168506897936,11.138175533301595,Medium,Clear,Bike,14,70.90971117634494,9.313112813352019,Express,15.701381154682364
290.1803534690519,21.530116721970305,High,Clear,Van,9,94.81205608257602,14.538631956870569,Express,9.067161261458551
220.43047875641605,45.43800643723494,Low,Clear,Truck,4,47.16672545558281,2.9593246307560275,Standard,10.030620273101052
363.178314886738,25.599452513566554,Medium,Clear,Bike,4,117.45803859540455,14.266360193506143,Express,10.520339987800753
244.36113282950203,9.80205885035849,Medium,Clear,Bike,15,54.95831588360789,8.075092355250245,Standard,9.788878808837982
436.96477256466693,4.310097634353267,Medium,Rain,Truck,15,22.301583338919873,10.079342107423681,Standard,16.19618825171243
450.5495282776067,34.9597291843273,Low,Storm,Truck,2,58.58617604140572,1.491923961782848,Express,13.442065432804343
212.0170215829808,19.4485388396012,High,Storm,Bike,14,83.08927402358059,5.708639120671605,Standard,16.16230376554101
139.8602430230557,41.180631855975285,High,Clear,Truck,10,100.70596475800355,11.540687196947589,Express,10.202580649656047
296.9904636394944,33.145783047718126,Medium,Rain,Van,1,57.75835334500818,10.603665226484855,Standard,10.661093415949365
456.3569461171121,39.913951801797744,Medium,Rain,Van,10,73.26478499565427,0.6020908224811528,Standard,16.845666922277516
106.90977012482196,13.961328951213213,Low,Clear,Truck,13,35.744641898268135,8.19891395245867,Standard,5.343048526668106
312.23735861461444,34.771766661822376,Medium,Clear,Van,4,79.2804005366341,1.3241728945261415,Standard,12.748105971491341
316.51698960607524,13.571068242339079,Medium,Rain,Bike,10,118.38677355428953,14.937846437672434,Standard,11.549029404998889
367.09028516280995,46.983889732789436,Medium,Clear,Van,10,10.641160847596293,13.45944882799942,Express,12.157832683273373
67.52070719337539,32.00052693590203,High,Clear,Van,11,106.95102713109429,0.31620990642805435,Express,6.1446479331398915
358.4808324116801,16.563334108679435,Medium,Clear,Van,8,69.66248781826512,12.879743683539463,Standard,14.084347610317232
454.69819529148924,13.840837183467496,Medium,Clear,Truck,2,33.99134584966449,13.791444008376114,Standard,13.126972208585878
91.4821882173805,9.950865961046354,Medium,Clear,Truck,13,114.81231665106466,5.303223338451827,Express,8.322060592071097
120.29657581209106,34.88472746523953,Low,Storm,Van,12,60.58574485177338,10.792524825716487,Express,11.40031971150252
485.7547568327365,11.3264228433974,Medium,Rain,Truck,11,43.144378942439346,6.631556193116684,Express,19.165876119494317
92.1265224493259,29.967511663410708,Low,Clear,Bike,8,25.872227251146732,9.828487268645162,Express,3.0368510315060555
427.4837764980504,13.599433832805188,Medium,Clear,Bike,1,33.11200417951614,5.104761064472872,Standard,13.5484295215238
247.15437251112132,33.26746276729649,Medium,Clear,Truck,15,100.7776397830159,4.838388549499025,Standard,14.175758419659168
125.12107505278216,40.83951656275669,Medium,Clear,Bike,1,75.65715107147408,6.366508332863686,Standard,7.438559800556018
435.6334508337107,39.01224953566033,Medium,Clear,Bike,4,110.02324624115634,2.1835163797875174,Standard,16.50195372126288
223.7620169913274,38.1621408810737,Medium,Clear,Van,7,31.67637199814537,12.46708446653074,Express,6.072930395532945
258.3790422569857,9.792259081766478,Low,Clear,Van,9,18.93093599262367,5.2304684304245495,Standard,10.246032884193884
180.8982179610833,4.875054875733676,High,Clear,Truck,5,5.7000660621928505,6.002243308587677,Critical,6.834495388012642
297.28952401459384,35.097967010125586,Low,Clear,Van,2,63.40413432583929,13.41081919053217,Express,9.880153525198766
83.43488854734134,18.73318708282039,Low,Clear,Bike,12,119.80529699392864,7.4493572109475705,Express,7.170771278679539
196.75860525257684,21.90113820696569,Medium,Clear,Van,7,84.92100591414348,8.163808640262944,Critical,9.324857779043608
484.7673365229732,2.041880093272858,Low,Storm,Van,11,40.4653780759918,14.347471871656477,Standard,17.895523553872813
130.55044948516152,13.349034239114935,Low,Clear,Van,2,105.83873704800975,13.300895747174838,Express,6.876162805768997
329.0548589415635,2.166981991785969,Medium,Rain,Van,9,94.89806058861537,2.5420006333265928,Standard,14.861434914541348
163.94465198389804,44.01969574376176,Medium,Clear,Truck,9,6.772744098802015,7.098225448771576,Standard,8.638529566329973
387.1896165919271,12.548135819317258,Medium,Clear,Truck,3,98.93895526221758,14.569443411428182,Express,10.970835902220005
67.17508303773822,28.0881898938639,High,Storm,Van,13,39.56057708242704,5.585494473429041,Standard,11.846143577693036
484.97088044911527,2.429476372725955,Medium,Clear,Van,8,22.212448427114126,5.573596627743001,Critical,17.87238569919145
227.98719160905236,33.508945869630075,High,Clear,Van,11,31.028046569763575,2.9254534768373155,Express,9.372358669947507
119.55313074653905,16.489853614827645,Low,Clear,Truck,4,58.88667750314099,1.7148467117868782,Express,6.069381481451357
38.6013801703463,44.94699975440446,Medium,Clear,Truck,3,53.85981161282127,11.104571861339727,Standard,5.525733344873402
86.5394367335953,44.46185035223478,High,Rain,Bike,1,38.22203942803608,11.550457030522747,Express,9.615338972385675
260.8474263808968,16.601885608906514,Medium,Clear,Van,5,24.80510705380876,14.535194452545,Standard,10.375077563105354
169.8275818627806,45.09756433667816,Medium,Clear,Van,13,92.65654080884947,11.601273163580444,Express,9.485998869635182
414.78391620953954,49.80980483818955,Medium,Clear,Bike,14,118.86262512951546,3.6502874105039806,Standard,17.63100234291655
216.58198678357937,41.35807537413543,Low,Clear,Bike,11,94.4460317482644,0.6017486743277317,Express,9.242119581567
125.85970774863969,42.32113171388384,Medium,Rain,Van,4,39.03275128222724,14.781560765544903,Standard,9.287327237834152
309.33820332880697,12.82593243739995,Medium,Rain,Van,1,33.15303056239534,5.106760433154086,Standard,8.99594052669994
353.97505400895204,29.046768743458937,High,Clear,Bike,10,30.0315757475829,4.679573136486312,Standard,14.026467102662973
85.18687013467303,3.8291677413847087,Low,Clear,Van,8,20.71993356623917,13.589328146240737,Standard,4.961408953376238
85.4743697115822,5.198437872672651,High,Rain,Van,8,68.40301321461465,8.776498478174792,Express,10.041008198221151
20.2623706129044,49.945184295647884,High,Clear,Van,13,74.62104277463457,3.2230676077370184,Standard,7.901591720763366
368.728203502689,16.668642846582593,Low,Clear,Van,8,86.13280597626078,13.336443640743592,Standard,11.194864449751721
332.5746547556589,37.535103646417895,Low,Clear,Bike,3,83.22453765737181,14.900412825821151,Standard,10.363761732659212
238.3661761234073,40.42992012482741,High,Clear,Van,6,38.61833079758898,1.3001784172624609,Standard,10.926573646045911
422.3968835866602,42.97215191485785,High,Rain,Bike,12,42.98576562063735,12.933774424537308,Standard,17.621519824756746
403.2237361691265,49.882600721406746,Medium,Storm,Van,12,83.37417157586886,5.857735465265909,Express,17.64224489630088
293.50647346958255,12.454076020214957,Low,Clear,Bike,7,45.186478690117255,7.861086697600566,Standard,9.300152658631685
434.3990976956028,2.4973659295551354,Medium,Clear,Van,9,29.451666806221,13.722239636474711,Standard,11.728059738720713
104.50892259831059,20.853980140732006,Medium,Clear,Bike,5,48.04865767512505,14.600687936626759,Standard,6.168319753995639
57.73597046006848,6.938993156532874,Low,Clear,Van,9,36.28967812146743,3.932458656131991,Standard,5.437762283025196
136.33530653546083,1.6100815135217286,Medium,Clear,Truck,6,15.155962940136448,3.192761564398707,Standard,8.73428741492331
30.429254332478795,18.34112794350356,Low,Rain,Bike,10,100.46597376181516,1.2077483788726777,Standard,7.483731462584728
266.52242494451394,39.295043428224204,Low,Clear,Van,10,103.10780975305917,8.42696778993207,Express,11.666741388491392
468.4296347628908,28.525944215641008,Medium,Clear,Bike,10,30.271284519191138,0.20406593176002408,Standard,16.737740888973995
21.593083252917804,15.982510465912526,Medium,Clear,Van,4,12.448802945398201,6.1784744641490486,Standard,0.6379831160279896
62.81073717699334,32.88992927188963,Low,Clear,Van,13,89.96515529538564,1.1007602497801283,Standard,6.9193805046499275
227.19511608515077,11.98489992528613,Medium,Clear,Van,1,29.325791974292574,6.07838674394001,Express,7.636990457383813
467.06975872889666,1.2118815805682086,Low,Rain,Van,1,50.245081285238925,0.598982838984139,Critical,15.318713864563314
159.44574027842177,38.335492628603156,Low,Clear,Truck,14,12.375554007299074,12.528258909131534,Standard,8.659770139317835
254.60293472681943,31.37528270076845,Low,Rain,Van,10,31.021002247220046,3.146084909078488,Critical,10.187302274609427
22.703283807095264,38.233979912797516,High,Clear,Van,5,96.18376200790811,4.92463065536868,Standard,9.335540052118564
75.87491407912026,2.427431826039448,Medium,Clear,Van,13,97.50559139524822,13.050719949095878,Standard,8.254007312852837
493.34180123350575,41.937421577617286,Medium,Clear,Truck,14,28.814754862086698,11.193990919983076,Standard,17.97042072597468
482.6291108251507,31.166546901797016,Medium,Clear,Truck,3,43.6300921872693,3.2855754246308773,Standard,16.008334745163225
4.460110505335988,28.388069860275685,High,Clear,Van,5,20.43741819578051,1.0784912798624409,Standard,5.131206488408772
476.002269140773,31.418395381669313,Low,Clear,Truck,5,13.529852482766074,10.735106652830092,Standard,13.92904330589105
320.2817290321192,43.28944571998402,Medium,Rain,Van,1,119.0997471615671,5.86053826032164,Standard,9.79583184667552
434.223310670971,29.5533570746659,Medium,Rain,Truck,14,80.39330439315651,11.491199986773319,Standard,16.231329150224912
228.46044810566184,29.257043804464878,Medium,Clear,Truck,8,67.34109855780666,6.679421585628156,Standard,9.279892336084771
258.7668222324666,49.53861827475541,Low,Clear,Bike,5,93.03232754660945,5.190036194584146,Standard,10.596987822599154
245.44559696794624,37.958143269894116,Medium,Clear,Van,5,101.60887336408827,6.768081123185948,Express,7.476570075952195
334.09840025795995,22.393543369831196,Low,Clear,Van,9,97.77219832514366,11.22838478506015,Standard,11.230743094983564
71.54632486864382,35.51615150162992,Medium,Clear,Van,8,6.90203666833581,13.533304298105612,Express,3.7889156546617246
16.92684775659362,19.76690834874353,Medium,Rain,Van,13,26.482908291907325,0.746507948828633,Express,6.282741627453463
155.34911091241307,11.8293353929332,Low,Clear,Van,1,80.31410974355057,7.861673118404327,Standard,6.390154858956485
352.93101984285005,30.044167905944093,High,Clear,Bike,3,48.21232499745574,0.492531436258164,Standard,12.764065978042554
102.52301915722829,46.4450138566406,Low,Clear,Bike,12,117.9855048720273,7.026143175365381,Standard,6.733627899205855
337.3693517958088,46.492406240765405,High,Clear,Van,7,81.52155115339922,13.279242436453506,Standard,13.258265052300413
485.0161989614207,17.42431126622177,Medium,Clear,Bike,1,115.00312450385874,5.423853996304645,Standard,14.964660690762791
48.76255646313036,26.6200345779739,Low,Clear,Bike,1,28.16634538926629,13.986756316209648,Standard,2.320171874538226
336.9558548761129,10.975976979208129,Low,Clear,Bike,5,104.35505823322765,9.459127074759142,Standard,13.23511964523696
222.98760921367642,49.78373992019473,High,Clear,Van,9,41.955515168750914,14.012330156895095,Express,9.34567834958862
434.3348426799977,49.06533643946282,Low,Clear,Van,6,118.79995294734778,11.357499381187795,Standard,17.19191218118759
90.22059514479818,32.65069202051864,Low,Rain,Bike,10,23.13419728841194,1.5515274997314343,Express,4.610097823738378
346.9277242086299,40.31849595403493,Low,Clear,Truck,2,64.37907916640756,3.4672705134401562,Standard,12.543791857145177
419.3814142447589,35.89745798354315,Medium,Clear,Van,11,96.17712139126903,5.912556818752593,Express,14.726926492754338
472.41788129806355,29.861331842453676,Medium,Rain,Van,9,54.75388526946413,2.5516032301811404,Standard,16.2469122409498
342.2575180882436,3.140725850950436,Low,Clear,Van,6,58.82966692157937,7.4236740716499074,Standard,12.987877637866026
249.5930324761968,23.010834956356724,Low,Clear,Van,5,118.43091648316022,7.070522335522359,Critical,8.945967560324034
309.6879256202045,33.901921957286824,Low,Clear,Van,5,53.91043728463263,14.34388797041072,Express,9.689127091369285
434.7146822704017,34.03781488724239,Low,Clear,Bike,15,74.46829156889231,6.505918243439666,Standard,15.396203217073873
286.1636538261372,18.96956961190799,Medium,Clear,Bike,12,11.272060977642331,11.784402064319966,Standard,10.430329700100321
17.13275572902476,47.11375333957251,Medium,Rain,Truck,3,101.8541592241799,14.128658172772198,Express,4.626859980660954
465.61245036247493,8.784173095720659,Low,Storm,Van,14,79.5393256326475,13.154832464609783,Express,13.460003027334187
345.38432201371745,25.26779258767025,Medium,Clear,Van,6,51.46231182922356,3.130014367673877,Standard,9.725435258747199
338.9036661170688,34.69875683926573,Medium,Clear,Truck,15,6.859497094769772,7.440448413803164,Standard,14.166246362607618
109.40622589406316,35.00822239164456,High,Clear,Van,15,73.04191436825295,5.216096734438886,Express,11.502304141975854
330.1249641758633,32.60762836005637,High,Clear,Van,13,6.455650275678652,5.997880427058233,Standard,16.525125932436836
198.14447401577092,14.126766565867078,High,Clear,Van,4,5.138415599537059,5.412102393686268,Express,7.175192512318877
326.314022566663,8.232225149987787,Low,Clear,Bike,13,75.85133464717579,12.395388152625062,Standard,12.384966756620402
55.083329093379376,31.97904617792219,Low,Storm,Van,12,26.73696274347374,6.7820858268367115,Critical,4.1161163817740425
329.6069616923119,30.165454748902167,Low,Clear,Van,10,27.06706821758096,7.855414983670323,Express,10.476159880933304
499.70803543379196,9.378122509317429,Low,Clear,Truck,14,80.12623007076553,14.73671035570612,Express,17.340957428369652
26.0095953525569,35.404387705742884,Medium,Clear,Truck,15,11.175176613028043,0.8996890828727466,Standard,6.053174236958834
488.632743742216,23.03101359081599,Medium,Rain,Truck,2,41.04163956957398,7.319364596861232,Standard,15.66338720022817
204.64016443998958,33.55414928435607,High,Rain,Truck,13,22.184668746332193,11.610925604191742,Standard,12.501161929244429
435.63521826795505,41.949670448622456,High,Clear,Van,3,71.7202825266014,2.267429372823398,Express,17.614343058403527
391.62797106102016,8.901557214557696,Medium,Clear,Van,9,81.10299279365051,9.172973919221608,Express,13.263487106405954
284.3740979713606,1.4476709658434155,Medium,Rain,Van,11,87.93062316389,3.5919716930170016,Standard,13.351522443582624
369.7477062071606,39.065578026591446,Low,Clear,Van,11,34.35158994563503,13.011061698368513,Express,14.500544832402781
439.50074952807125,30.680022545054488,Low,Rain,Truck,9,15.26372143820716,4.906494981001189,Express,14.392141097364366
203.2618801822144,35.13215869629502,Medium,Clear,Bike,6,14.048620548318251,4.935942253513643,Standard,6.124890376839413
164.86251445849288,41.9886712619378,Low,Clear,Truck,10,54.00742807183323,8.972908177768403,Standard,9.893177767980664
334.4615060106652,40.23914127381278,Medium,Clear,Truck,10,113.77210704221223,2.7534436217986307,Express,15.04364452363508
404.30727908674675,48.06554727297682,Low,Rain,Truck,14,30.03883893840783,4.273329583545916,Standard,12.493199796162116
381.61799711875466,27.02878640317985,Medium,Clear,Truck,9,34.52528415427817,6.249477751791172,Express,13.014928241073001
399.31119713159995,24.680533816665317,Medium,Rain,Van,4,16.602212242173778,5.304567947101655,Standard,14.10678773761572
218.92049077684064,20.39341639459114,Low,Clear,Bike,11,74.64058149780197,7.873158270083736,Critical,10.712650342860028
409.28143965516074,8.107706620788125,High,Clear,Bike,5,83.18538050392512,8.994602161034495,Standard,15.270519548032157
61.864109574563,28.84405802766011,Low,Clear,Van,10,78.9370889384874,8.500011806252468,Standard,5.635385461434789
273.1555707845031,14.21211995413595,Medium,Clear,Van,6,104.02997795014984,9.812524679878983,Standard,11.193408892115373
4.867812928064542,46.104721854542284,Medium,Clear,Truck,13,60.93897102799825,4.616242749117304,Standard,5.060748487038369
163.6437432903346,29.36794481171633,Medium,Clear,Truck,15,20.46255968821241,1.8963934073254207,Standard,11.447153264667326
184.49784436595615,29.845588935151454,High,Rain,Van,9,38.281590031007454,11.412113121466156,Standard,10.174622519744048
199.29400042140918,18.068770713411997,Low,Clear,Bike,13,81.17944694345546,12.761705739460231,Critical,7.688894504009201
348.3426689315514,3.0734729228965207,Medium,Storm,Bike,5,75.50902698027939,3.855093483336484,Critical,14.59766876185892
195.50193443263217,2.0713163859629367,Medium,Clear,Bike,8,66.06535992044068,6.106379342370296,Standard,6.860067901153347
225.44942406602027,21.455089635583278,High,Rain,Van,11,83.54090814919903,7.478538254453329,Express,15.509525134006282
120.29697717541508,4.685986215813274,Low,Clear,Van,1,78.29994779292943,7.999902641294046,Standard,4.696034091130912
187.87939223141137,30.538924299236886,Medium,Clear,Bike,5,106.35236228846945,9.892352566314777,Express,9.572513852965923
115.18027437704943,44.10816377916304,Medium,Clear,Van,10,72.39188341000411,0.6240485003298202,Express,6.248639689653639
38.451570036684934,44.20428341767675,Low,Clear,Bike,1,94.53915625056399,10.822156241010255,Standard,4.3935386795483495
302.5173995039262,33.1227478015455,Medium,Rain,Van,10,33.6013229361438,0.929565104691154,Express,14.120700929751829
334.7699736803981,10.955975657910084,Low,Clear,Van,14,82.99099722774282,7.024328515093018,Express,13.759811660417746
310.506192312788,43.21834315226417,Medium,Clear,Van,6,108.75232361400771,12.415067033537913,Standard,15.076854917745612
232.82003381268504,44.3616250480038,High,Rain,Van,7,49.35921770848083,6.768229699175944,Critical,11.170151245195687
191.13331852925646,10.234352455171456,Medium,Clear,Truck,12,94.59698154394437,2.2363462315237164,Critical,9.197586272712984
431.94015748676895,37.002591245648524,Medium,Rain,Bike,14,88.35076963747507,14.775507675089395,Standard,16.354858229014482
260.5027289978366,14.682717671892586,Medium,Clear,Van,5,11.845512640259585,13.33928193111395,Express,8.497041521738076
240.632575059606,40.23069546147002,Low,Rain,Van,1,71.87345560676832,11.56970449837521,Critical,9.515143376375091
14.769748771604972,49.86327604522833,Low,Clear,Van,6,19.971775158092274,6.172674043488156,Standard,4.025301209133126
171.94141815782586,1.9862872638049442,Medium,Clear,Truck,10,116.24170480651799,2.7576859033394667,Standard,11.874051171856495
191.33741815535683,44.91961035665113,Low,Clear,Van,5,98.31186281057546,14.121167721277518,Standard,8.607420966878921
200.61374488665643,31.320211413133574,Low,Storm,Van,6,17.618237143418813,7.985266897757085,Express,9.877997746377973
290.92583987521147,48.68243964865865,Medium,Clear,Bike,11,19.001479729483016,12.785331905812276,Express,9.582362928294971
267.73406826998547,23.517971117558165,Low,Clear,Van,10,73.36449331495118,5.131425086391387,Standard,11.820718737072413
304.7367362111354,42.445702563283,Low,Clear,Van,15,44.66225502991608,5.029324756192059,Critical,11.455133427981403
382.91186424797985,3.588506395614723,Medium,Storm,Bike,7,9.014173793407567,14.783107210110586,Express,16.177032656851733
406.86689788061454,17.096312978875638,Low,Rain,Van,7,67.2887734008011,7.827495727422747,Express,13.185325142235962
359.6252919607942,3.8173186186848937,High,Storm,Van,2,49.60218646387239,2.110431357911194,Standard,18.059762688325684
477.85080058555747,48.77948510721399,High,Clear,Bike,15,16.623796622750405,3.295120169920611,Standard,19.62511849586106
11.079826172828092,40.940208409955915,Medium,Clear,Van,12,97.220845109438,7.2291641908908115,Express,6.956960542780618
99.49743687040596,42.70109735167554,Low,Clear,Van,3,110.23382800706268,0.6370636573261701,Standard,6.4039948266399485
5.766311739114776,46.929278955977765,Medium,Rain,Bike,12,92.00830241162495,6.938009780674507,Express,5.186671658372265
324.4424076489923,4.712622562929375,High,Clear,Van,6,99.57856565187188,6.284112631201914,Express,12.57726165845815
449.21921337709347,19.587080829410002,Medium,Clear,Van,3,29.8964152356035,11.690043979792305,Standard,11.894818065379152
123.25418369499704,4.016227007678105,Low,Rain,Van,2,35.31088935563912,5.324129467338627,Express,5.529332276554105
463.6632033085607,10.934258526726417,Medium,Clear,Van,4,28.98066713440659,14.73823142309399,Standard,11.919881779955498
32.013160364201305,11.853605963364782,High,Clear,Van,5,92.98229460703986,2.711548789513547,Standard,6.726273000034661
467.3491413491461,23.720806946855145,Medium,Clear,Van,11,114.01046407746716,8.864800274522024,Standard,11.623768440927591
177.10809824533794,13.793827288955308,Medium,Clear,Truck,10,87.4362787743988,1.3454894551238195,Standard,10.644925155230768
52.50757256770982,5.498416287479174,Medium,Rain,Van,9,106.36867796114893,11.00795975990973,Standard,5.375767397191545
243.96413607479016,8.790808910158331,Medium,Clear,Bike,3,78.45039591156484,14.921305320929573,Express,7.044643860629845
129.87473072481293,7.790140395828501,Low,Clear,Van,3,49.58088856426189,12.287079566274484,Express,6.425016733921468
143.86670517703757,48.667301496658766,Medium,Clear,Truck,6,53.962585716985096,8.335553110804518,Standard,8.120481366886969
155.03040253329073,38.084979092464444,Low,Clear,Bike,5,13.661964699251556,7.271120360995381,Express,6.889636338664264
401.9068971206664,48.40419253084332,Medium,Clear,Truck,6,8.617577453292999,12.525449419002705,Standard,11.868125909869093
270.50231578427673,22.267154082141474,Low,Clear,Truck,7,84.9796944817439,14.039611270660865,Standard,11.197580936828894
157.03123417968982,14.279239842301502,Medium,Clear,Bike,11,55.41932258128577,14.838097886971395,Express,7.505281753014822
305.94622408883737,40.01551326185474,Low,Clear,Truck,3,68.50473282628239,5.948088413467262,Express,9.909457534637717
358.6430357631504,16.649568943036765,Medium,Clear,Van,15,69.13104347657787,14.863762121917684,Express,15.986286802570488
137.76675236529982,15.319476998414741,Medium,Clear,Truck,13,36.89821853332966,2.3388937826074723,Standard,6.678840860832674
207.94745255962505,12.009046614287644,Low,Rain,Van,5,59.72763874539143,3.8032466389786377,Express,9.812977789559886
62.69927448179988,6.91910942209965,Low,Rain,Van,8,59.13742549178576,1.335241871008443,Express,6.005623199835655
92.2123760682708,13.194921520329915,Low,Rain,Van,4,49.669130441203556,4.076077747267225,Critical,4.71658407701498
341.19669127456143,18.088327549457443,High,Clear,Truck,10,99.37766909112311,11.519063274270167,Standard,13.191808594423012
92.35629715242221,33.86271330321365,Medium,Clear,Bike,2,56.88386042407353,12.793865372676745,Standard,4.851222141204759
263.531365066196,3.596959689862853,Medium,Clear,Van,4,74.4191203181886,11.683389676538576,Express,7.940403685631958
355.1050383377715,10.920093513434477,Low,Clear,Bike,2,107.984813843795,9.465986672515443,Critical,12.238886346128039
55.22470770118243,40.54667019443798,Medium,Clear,Van,3,104.61686662877608,7.709497687839684,Standard,5.473477727611136
284.52148537519395,7.772635217396653,High,Clear,Van,4,107.398553434604,10.630564338204698,Standard,11.177731293735913
129.76826628327916,17.460934752864816,High,Storm,Van,4,36.05057459347661,5.862503239008327,Standard,8.647823639769006
481.53758386831475,43.30061663197793,Medium,Clear,Van,10,9.022986155427226,12.619625272495528,Standard,15.396870279115268
242.80573206652252,8.168802901600412,Low,Clear,Bike,9,35.022681987962855,10.157851409651782,Standard,10.660986158546363
403.38428978802875,4.5954733631004,Low,Rain,Bike,10,37.051344746381496,10.467070477416128,Standard,14.346621162093626
276.0128179938184,24.484630756460536,Low,Clear,Bike,6,109.57643757337132,8.03903989693607,Standard,9.990658781699528
23.619441361699945,15.469765808287551,Low,Rain,Van,9,79.66291427636662,13.278434763167589,Standard,7.595382332631895
317.30938504582315,28.388714041950777,Low,Rain,Truck,4,14.395955354256307,3.780221005185787,Standard,10.558288789386806
475.7988644189152,40.28834207893202,Low,Storm,Bike,9,20.56853854127663,5.717214800415761,Standard,16.904951304239265
301.60268643287293,7.288850163560786,Medium,Clear,Truck,11,22.90275443732717,11.664638545165337,Standard,12.063781846041918
409.9560519945415,29.244604685437107,High,Rain,Van,13,77.49850103942616,7.391233441940066,Critical,18.35125101892306
442.3348187475071,25.522683639298265,Medium,Clear,Van,9,89.57261293330535,13.338210201362863,Standard,14.702370459215686
115.58372643056838,7.631899907653379,High,Clear,Van,6,103.85904971502056,5.195989796442785,Express,6.846042610530381
107.59833027429687,31.387925033684628,Medium,Clear,Truck,5,113.17320334271795,5.539952532294671,Standard,9.26786292378559
306.26853244779386,14.045200684108197,Low,Clear,Bike,3,28.196024099440805,13.33103684079938,Critical,7.723023273797991
206.69217796373894,24.647798767928617,Medium,Clear,Van,14,40.623835743265644,6.965554802730615,Standard,8.168074842112613
420.25092882762675,4.572480051714563,Low,Clear,Van,15,32.63713128565553,7.741868763037301,Standard,14.74613576111996
450.21151545220954,23.249410832074343,Medium,Rain,Van,5,46.25758025860584,4.991455730035191,Standard,17.30134900654206
178.00384689275361,15.669941668119606,Low,Rain,Truck,15,110.18648735373118,4.150049132686229,Express,10.055468376639126
119.96153836929207,41.20786995367504,High,Rain,Bike,3,71.13794519802657,9.839230662575881,Standard,9.98293343751667
390.7017065914432,3.32044698636973,Low,Clear,Van,5,89.8920681923174,1.797609923118058,Standard,11.053145949459847
138.85340570297177,21.221060108457333,Low,Rain,Van,5,61.36371215457993,13.189089617743639,Standard,7.940841207177484
411.6619306198118,23.19235549450618,High,Clear,Van,2,8.318660033654321,11.688047051476618,Express,12.038912430513264
213.0216503170839,36.38780077680638,Low,Rain,Van,14,12.382480889748647,2.861223955587042,Standard,11.163258856726113
334.4398498471523,28.927234966965443,Medium,Storm,Van,14,66.86114859580687,10.41029918736848,Standard,17.932330819484783
49.57658628966475,33.52701069111196,Medium,Clear,Truck,9,87.66073900430295,9.039493819284523,Standard,6.180724885511559
312.68194368893336,38.963939639761925,High,Rain,Van,15,29.76301066580412,2.7680257610496617,Standard,14.294771036183143
226.9803040111401,43.17904719608035,High,Clear,Truck,7,88.01960100911496,4.098052590753487,Express,9.626389019835223
294.13101466138613,16.03683708776229,High,Clear,Van,14,98.22656395060393,6.134797556007515,Standard,17.016836372783086
85.67107545694198,27.132123915513198,Low,Clear,Bike,6,52.36821001164279,10.488641028682109,Standard,3.605419533908894
368.9631249822027,42.085349882740395,High,Clear,Bike,5,90.83821177707206,9.58085113225509,Express,15.509868829746395
431.6729446165278,49.47783098277029,Medium,Rain,Bike,15,51.46344428777289,7.983522715150469,Express,17.509775331000583
109.93642044520627,44.53120589666628,Medium,Clear,Van,4,83.0103223873273,11.526158146710513,Standard,5.045394850829316
49.66584864904054,18.88762949990665,Low,Clear,Van,8,92.85966067174745,11.369066094092489,Express,3.285377633830053
13.772015851075526,10.160742602323195,Medium,Clear,Van,2,119.07156110543274,9.267887310933839,Standard,6.304604296785253
321.70180722074645,24.72493060162614,High,Rain,Van,8,44.72061613731355,11.804851250772378,Standard,19.812343897274726
304.33282997221283,37.211251865884094,High,Storm,Bike,1,52.26968976608032,5.013950621688138,Critical,13.917199280290022
274.2553115316069,24.88216900228823,Medium,Rain,Bike,10,24.0463068321697,13.218742924839084,Critical,10.709853927661172
117.50965386575575,24.41745273402659,Low,Rain,Van,1,28.468401716207794,9.22365128702911,Standard,3.0192340354640326
196.6711859609463,41.99240584354913,Medium,Clear,Van,3,84.74042529881343,12.335452707186459,Standard,5.995259643933568
298.04921492271416,18.389487063825726,High,Clear,Bike,5,110.46024286776475,8.19418657185426,Standard,11.738950279887838
249.38989571186636,43.05983640317646,Medium,Clear,Bike,14,50.37956944104266,3.2765736748302055,Standard,11.28663160133701
493.91718906701385,20.636837647110315,Medium,Clear,Truck,6,25.682111386087243,8.136151930174629,Standard,15.602058827589742
69.9469967732531,16.7475387310778,Low,Rain,Truck,4,37.786442429044314,5.566674956648821,Standard,6.0658589762637325
348.1819879157017,22.9725006043851,Medium,Clear,Bike,7,57.33094605293594,10.462485540556418,Critical,12.149923477101087
203.3507465159375,38.24112445440599,Medium,Rain,Van,7,38.424787877017366,7.136906876021037,Express,10.793069414501357
215.24340823295614,6.737100379267717,High,Clear,Van,2,31.86159455901462,12.541692073915316,Standard,8.14188987416412
359.3636872977718,10.22275118566486,Medium,Clear,Truck,2,89.63821620706415,10.17108768482875,Standard,11.900059899543807
346.83320335953607,47.59651887032305,Low,Clear,Van,2,5.902165942671667,10.26816649546986,Standard,9.698727333296958
495.6454848636898,9.18683555537719,Medium,Rain,Bike,15,67.01151064369556,3.2573300023659746,Standard,17.302703529355252
65.94035614815436,28.602502237587203,Low,Rain,Van,14,96.2831828084217,14.763746497369356,Standard,4.481376838504981
53.84660539331484,29.176066099765926,High,Rain,Van,15,35.61625292650884,12.62512813907233,Express,7.7024819098835735
362.7207309301131,24.736410871487116,Medium,Clear,Van,2,74.37852372038199,11.835073268410419,Standard,8.336741939280902
290.03668466919174,32.414889804552516,Medium,Storm,Van,13,81.92351214614105,4.9532283774004116,Express,13.722778172684643
138.5320119467833,11.876422926982112,Medium,Clear,Van,9,80.32784008658535,8.034474792708478,Express,8.201755923738366
41.55084575651533,27.856782254949035,Medium,Clear,Van,14,56.27270793285253,2.0565478211149295,Standard,6.919876679936476
44.657808299022406,18.92257613472141,Medium,Storm,Bike,5,44.85646860571461,8.07713964994059,Standard,7.447581954868546
447.3070555827309,33.25252935164486,Medium,Clear,Van,11,101.13126839819854,2.188338697249309,Express,18.078295439578937
97.54992770993397,7.490565396970898,Low,Rain,Bike,8,92.22128505498439,8.295567659844018,Critical,5.133228364141837
163.03903793352933,28.758432133554074,Low,Clear,Truck,5,41.94434494259994,9.730828202323584,Express,6.944382263524533
114.87488830904003,9.670882591474523,Low,Clear,Bike,13,16.8472073608537,5.852939508748535,Standard,5.174314342235309
178.78816030430477,14.292831624194301,Medium,Storm,Bike,11,13.257867726228957,7.478173174969399,Standard,11.960243854170388
36.5730736875545,11.326135116017369,Low,Clear,Van,5,15.841737458377645,13.134800815118789,Standard,2.7792505172151603
260.49177587231867,9.550470103506447,Medium,Rain,Truck,1,72.02997653708492,1.6284471705421404,Critical,10.266052736558079
35.67105666892302,41.37269210225302,High,Clear,Truck,6,10.941150220333814,11.875993394994794,Express,4.588564053187919
400.57754089553606,14.642524599214072,High,Clear,Van,4,43.74659062086442,2.5613182649429462,Express,14.735565577338678
118.38861679139565,46.39262720229024,Medium,Clear,Bike,15,91.61796572013638,0.5506197420694259,Standard,10.129254544414572
270.92593347304626,48.51136300458695,Medium,Clear,Van,3,38.85003914926848,2.783619041175717,Express,7.609695719457297
440.2793856056062,28.777393261886317,Low,Clear,Van,6,92.78042887571493,11.475647849557346,Standard,15.365728874944828
326.1369297855027,7.578555571953457,Medium,Clear,Bike,2,90.72870939381136,6.0768911000529,Standard,9.458895884085583
267.412977702565,19.040138047289272,High,Storm,Truck,8,33.27012025281988,13.08780775269273,Standard,13.430629140485689
163.51820905145706,39.9877470357366,Low,Clear,Bike,1,88.81455071066573,7.8706131177339875,Critical,6.101675267724213
167.83495270298258,18.68584107050499,Medium,Clear,Truck,12,90.99431340129158,0.33375527889496437,Express,10.151613244390248
335.4045036886987,4.807352305988043,High,Clear,Truck,9,50.70720145170809,10.750704144028902,Standard,14.06572763457072
497.08140188814144,28.060853090945304,High,Clear,Van,8,29.198355630274595,1.6534936308184904,Express,18.02052897656226
331.59591654499053,42.33348214905372,Low,Rain,Truck,1,64.94614279256496,11.840694501928866,Standard,9.725594654624961
279.7761418502724,39.89835616360337,Medium,Storm,Van,10,110.96072262002258,2.5215382470777,Standard,14.83803399818475
365.86395409914456,9.168595436452485,Low,Clear,Bike,12,78.55592422968712,5.181695787082702,Standard,10.143972868757276
233.67239491729163,33.801848413417105,Low,Rain,Van,15,24.886087227135036,11.419071444380405,Standard,9.812529824767301
31.95088661519104,11.414961040064531,High,Clear,Bike,9,83.51704634435478,14.313470362146324,Standard,4.487233859009053
282.0238143071991,11.301272960332525,High,Clear,Van,2,54.128348137410974,5.571509259700985,Standard,11.366775788630756
478.89739168367936,43.766552778606666,Medium,Rain,Van,3,73.0258116958679,12.441003302984036,Express,19.64179613601824
89.3008652941145,12.858613160641392,Low,Clear,Van,2,89.41736402765741,2.8618839821375808,Standard,5.724115052392031
345.62243562869156,13.530743652641554,High,Rain,Van,13,64.21894542416115,12.107696553037366,Express,12.36255112859147
102.06497695221013,0.532342842684328,Medium,Rain,Van,14,98.60815707593049,9.862410888843765,Standard,6.87195490862332
268.8421868675945,43.59811718921313,Low,Clear,Truck,8,88.04789162141219,2.8911526081855268,Express,8.267711797509364
50.14487192406637,39.733443253852165,Medium,Storm,Bike,2,75.73343410212873,4.537559405271174,Express,4.644173459939168
226.2847262565762,31.55278228698856,Low,Rain,Van,10,22.34117382072042,1.9765633289555402,Express,9.39572487723482
378.56933778983256,37.63815531497269,Medium,Clear,Bike,2,101.13414775483035,5.7445051659647,Standard,13.555768711215553
175.09061907101307,8.026404087512343,Medium,Clear,Van,15,112.62914231177885,3.054729616849161,Express,8.08755003280261
333.12603879463455,23.187017932084984,Low,Clear,Bike,1,20.750989238068904,9.659969304457103,Standard,9.20400316757798
398.1340804732851,17.885359673764654,Low,Storm,Van,7,61.147729884844516,14.91757656330838,Express,15.389021880741602
463.7345541007674,5.141938049722317,Low,Rain,Van,12,34.77220532660802,0.1801374462639621,Standard,17.52901761685091
118.85175676401586,24.56345901813874,Low,Clear,Bike,2,91.77018035393994,8.113797199309479,Standard,5.550594109370686
200.85932607303545,46.07661269196045,Medium,Clear,Truck,10,87.9874081405405,8.604998963235145,Standard,10.719882947871051
77.90317463854788,2.482926393009377,High,Clear,Bike,5,21.20178886559585,13.713131845212178,Express,5.434603482176707
496.25678407487084,14.927315217942796,Low,Clear,Van,5,105.85813619508828,7.590080021504063,Standard,13.87572665835174
463.64648202629905,10.77327634218232,Low,Clear,Bike,3,25.811902357470263,8.155521294673761,Critical,11.243014131750606
270.8986508797187,12.288259356451968,Medium,Clear,Van,3,96.68478794953236,7.074792019925829,Critical,7.549820808578312
421.3325805994578,45.46751031802908,High,Clear,Van,13,57.55274135722056,4.033564568422221,Express,19.39265595929904
261.437072681477,23.66941818459736,Low,Clear,Van,12,42.75131375918739,0.8404369987337051,Standard,8.366505503856231
312.5456726253743,23.58182094052103,Low,Clear,Bike,3,23.197515207534554,6.129865233147542,Express,10.5286763591341
46.38396719377627,38.14849430153647,Medium,Clear,Van,6,24.27563945686238,0.788872068610178,Standard,2.8023370410658752
378.12466940741035,8.147364098243827,Low,Rain,Van,14,81.11741379060354,8.257387041988768,Standard,16.169599370968392
65.60131485034694,24.619635027952516,Low,Clear,Truck,4,68.29949461391885,4.609404648634397,Critical,5.002737343949752
413.3816798657591,21.784268098992456,Medium,Clear,Van,13,19.03982348989176,8.004036022881417,Critical,15.997600807863494
391.4499876598522,30.047079182059477,Medium,Clear,Van,3,17.9602539504074,2.0144544659278,Critical,10.509701080582527
354.95485947600224,49.978106310896706,Medium,Clear,Bike,2,13.315716098871018,13.989449486090395,Standard,11.67017184180777
20.007869501331534,38.58772025706133,Medium,Clear,Van,13,90.53324494795757,13.417818653249023,Standard,5.127733729070741
152.95792126077365,20.194352299362645,Medium,Clear,Bike,3,86.86643980136826,2.8499476380342674,Standard,6.125344406816655
133.03005981559974,41.463876087565325,Low,Clear,Bike,4,11.719563948276143,5.151664249410148,Standard,5.548060480655994
181.3479309208165,8.95006398396777,Medium,Rain,Bike,6,69.43105869365189,9.202391577779693,Standard,10.55386549430106
45.64608788839159,2.0079524722935265,Low,Rain,Van,4,14.737757852909338,1.435293109588594,Standard,3.1979881867458877
468.6049958694693,10.620194436981516,Low,Rain,Van,8,108.93076362002829,5.318517316742263,Express,16.562612817459605
277.7935158747634,17.350372027655855,Medium,Rain,Truck,3,109.31850320571523,3.7666843022850918,Express,10.104623217826942
154.15110670769573,25.773747494248216,High,Rain,Bike,12,85.29679382850996,13.73275093075045,Express,9.549770255056643
199.69679550299315,30.94889245678939,High,Clear,Van,3,111.51172596553674,12.787659544338078,Express,9.196683224317416
224.70686517140817,45.574983002113875,Medium,Clear,Truck,3,98.3170984975744,8.697491119002956,Standard,9.136491235382325
301.0959780135874,25.737773472747655,Low,Clear,Van,8,100.28193623161067,7.8051950530736125,Standard,12.206313825981564
258.80835499285587,25.313144408973603,Low,Clear,Van,4,70.51640281554232,13.960886918180957,Express,6.360380266692254
459.8572026607798,2.9870289862376156,High,Rain,Van,1,40.19680779486023,13.98641674468223,Standard,19.4020928988167
249.48781448710346,2.2281218564830785,Medium,Clear,Bike,2,30.046898238388483,14.539951880274906,Standard,5.561182584998711
496.0946913820097,27.782418114860416,Medium,Clear,Van,13,42.628002534476856,1.8806832616228149,Standard,17.997512557701747
426.00962895705766,22.189841355793053,Medium,Clear,Van,14,77.27697446024213,2.4083671614475533,Standard,15.986463736969718
105.83823614995323,42.03942955152478,Medium,Clear,Bike,10,24.855501620725878,10.151050480198299,Express,5.496259571046489
465.4364168926703,8.453639443236337,High,Rain,Bike,13,34.74362721329199,8.121517149147673,Express,18.192080221099882
59.950466146967095,1.7360972747939551,Low,Rain,Van,13,58.82699922147841,0.27698857339853944,Critical,7.12789893389641
409.08995482861343,22.72741901254123,Medium,Clear,Truck,14,31.80076133033079,0.9296255398427905,Standard,16.75385559237053
191.55040015133687,12.255188559236746,High,Rain,Van,2,72.6940220173471,13.321205733882078,Standard,9.88572233764105
439.23121158164463,2.9559114802724538,Low,Clear,Van,14,111.16524327247794,13.033061933090794,Express,15.435461451255721
434.2922316735103,36.36761519895763,Medium,Rain,Van,3,91.03027705585954,5.359063829940677,Standard,13.885382256822705
403.35084925857535,6.02385349788375,Low,Clear,Bike,6,81.63906062712499,13.36575925395802,Standard,12.342763181730657
395.43515728091654,30.611815250384698,High,Clear,Van,8,72.01296973813456,8.905126115968526,Critical,15.644567521086227
153.7302112708243,14.411962633261012,Low,Clear,Van,12,61.11400956456246,12.088584705283528,Express,3.5847438891956265
42.29780295952359,9.08805449257359,Medium,Rain,Truck,1,26.454843857985868,6.4114660674032145,Critical,3.876138213267076
202.6841290250504,19.297700384506214,Low,Storm,Bike,9,107.89170237408953,1.7009749101736311,Standard,11.93092222752781
88.41520846328132,40.171565923036205,Medium,Clear,Van,1,33.58164023147617,6.505905939690243,Standard,6.860418046332301
348.08564227342595,19.908632056776348,Low,Clear,Van,10,15.500520921488487,6.859496969953469,Express,11.46307180878448
174.3576638158172,37.66309763594726,Low,Storm,Van,2,91.25174561129995,8.264162907609045,Standard,10.608085048245112
487.8538800282376,6.711571691557959,Medium,Clear,Bike,3,25.195786448084135,1.58374069356642,Express,14.028753611057835
321.20409451797536,38.75218527342142,High,Clear,Van,7,47.768039947235245,14.87102794574417,Standard,14.237833219269346
411.5953206899118,12.228199582879109,Low,Clear,Truck,9,8.25276675346267,3.6620523121035955,Express,13.369290496399008
67.99728702544051,34.030959929499204,Low,Clear,Van,3,20.76281339215153,2.9782860530563937,Express,1.280506853182362
431.283212171766,28.50618696462932,Medium,Rain,Van,8,24.91841753738989,7.902043782839049,Standard,16.25907688542004
461.53308087567035,46.49266350197853,Medium,Rain,Van,15,11.257164691270464,8.05812269092333,Standard,19.82183862786742
244.55683557183008,19.672464639778045,High,Clear,Van,9,80.5155500116272,6.597311067498664,Express,13.186989644261814
303.9139629999868,3.775176847304802,Low,Clear,Van,10,101.25589651735848,11.578382194878817,Express,10.747470916162206
382.8752808496917,1.4481965347870187,Medium,Rain,Truck,7,47.93127173208321,7.74981601092904,Standard,14.741321644732384
89.06963637568545,41.42949876815128,Low,Clear,Truck,4,105.57629482259308,9.145431827174763,Express,6.221643961033685
252.27790607879433,26.474414064240893,Low,Rain,Van,4,29.53485607441455,10.856195781116783,Standard,7.7159518536212754
200.53418783061193,38.87458056582999,Medium,Clear,Van,4,42.419898709542544,0.3753765234579992,Standard,9.402071686301479
74.89424809680006,12.104067200569977,Medium,Clear,Truck,6,22.334754198584363,8.559662738175671,Standard,2.023181118295008
185.03214230118266,17.58164540290507,Medium,Storm,Van,4,76.36430747318484,13.262917068425539,Critical,11.468917492219363
35.9498100739758,1.9901416744602876,Low,Rain,Van,5,53.285002950085286,0.26083114388150863,Standard,3.980450161795995
14.854329660844519,48.09387006641855,Medium,Clear,Bike,9,75.52758488681835,6.077731557014417,Standard,5.2263019180191295
69.31281199910174,33.55946138169026,Medium,Rain,Van,12,92.5926141203311,13.893411753087449,Express,6.858534734789054
481.6313255714086,46.69365184408566,High,Clear,Van,7,67.75584684378907,5.297316034238067,Standard,17.980793660149637
275.66570887571845,13.64207216773908,Low,Clear,Truck,8,77.1774908137056,6.8809323630036126,Standard,10.53024144773137
482.97943625430355,30.767448755670213,Low,Storm,Truck,5,112.55378615534829,14.72312089566469,Standard,19.229189188910073
217.3839434084057,34.08574843048557,Medium,Rain,Bike,5,39.39239560501696,2.989857884258607,Express,11.748250394067167
157.28443427645928,16.21871016275063,Medium,Clear,Van,13,46.30385294290461,0.9788278368750891,Standard,9.164707448214148
254.05864769444156,42.48140713327369,Low,Clear,Truck,11,87.53588659657375,12.891338862919564,Express,7.531079026489731
220.87682093918923,47.38449241356227,High,Clear,Van,7,75.30013446136947,13.026980118185527,Express,12.773679870666468
54.62101276234847,44.300328325952215,Low,Clear,Bike,11,25.531284022067204,7.081167520200198,Express,2.3451900358606492
321.1315047157227,37.08381530899894,High,Clear,Bike,13,48.25694065120637,7.713107617159293,Express,13.621718748074054
109.5870148897806,14.234501646385224,Low,Rain,Van,14,58.80137150934222,12.53709554426754,Standard,7.221790638494674
310.5548015391191,14.43999408422877,Medium,Clear,Van,12,53.22983136636478,11.078392471736928,Standard,12.393429111425439
325.80014401428036,48.18633586207888,High,Rain,Van,8,25.50160295703469,3.97723503325516,Express,12.719501564850743
77.70837685806676,1.0090825488167554,Low,Clear,Bike,9,111.30946055519016,0.25340032607277685,Critical,3.215349857692718
32.552114301112745,35.94447367548615,High,Clear,Truck,15,92.66665759480722,7.195502438003186,Standard,8.444868264403686
390.81926986208305,35.45918504648548,Medium,Clear,Van,14,60.35592069240301,12.883684891434621,Standard,13.914607343419478
230.98061103712143,31.323132277014974,High,Clear,Bike,2,83.2070182552862,13.437520150352432,Standard,12.42448600179751
30.965570161726944,49.510387881299856,Medium,Clear,Van,3,108.18750729558501,14.343392956142308,Standard,3.8149893767565053
497.44342595054405,15.938032070304399,Low,Storm,Van,12,20.66002637158069,13.193448564191717,Standard,17.052855830649214
30.774719376190586,17.328607257765785,Low,Clear,Bike,12,33.79290083130243,8.700653329471475,Standard,6.794539558184606
348.1275439715595,4.4075004458545,Low,Storm,Van,2,67.41064343451418,6.669083988541513,Standard,14.216369817268408
491.87210478118,22.418507758915005,Low,Clear,Bike,10,96.88619270552124,11.622747698011485,Standard,20.206234191967283
121.11169189953095,13.42190204862498,Low,Storm,Van,7,9.169312975775648,11.097324515483947,Standard,5.211788322098348
72.8401856062237,17.49764175779339,Low,Clear,Truck,12,118.16208727258146,8.072151451221815,Express,6.190177074232454
62.44969983236959,41.81130361765357,Medium,Storm,Van,2,57.314259331475675,1.3099105883770368,Express,8.25220560874095
153.03102348866258,46.80648341961104,Medium,Clear,Van,12,46.31158117149815,13.891220201803781,Critical,8.069697332938203
52.32081388330205,9.69378706425669,Low,Rain,Van,14,38.66331035157376,6.834038062524932,Standard,5.901024546278533
346.69634816367767,18.93919211189656,Low,Storm,Bike,15,25.051021379850237,5.450006728743965,Standard,17.702536041506157
33.02131546877122,46.46721282471201,Medium,Clear,Truck,2,96.03099952695321,9.443510927531575,Critical,4.496769260183555
255.69221981859528,3.55951880411652,Low,Clear,Truck,14,114.8726289458011,10.107569417504653,Express,7.986005663702008
498.35503321878247,5.0718461415132365,Low,Clear,Bike,14,52.56914680722079,3.1603187554545213,Standard,15.335318158713838
407.3571942139974,8.558153965708353,Low,Storm,Bike,2,114.52837989664746,12.554082672149342,Standard,13.638472051704328
308.3792802390434,29.9630352892803,High,Clear,Bike,15,99.73672577502893,4.349056404935668,Standard,15.300068914632144
154.5143031517326,7.948377414796875,High,Clear,Bike,12,60.3208796597766,2.8002588887147506,Standard,11.71722130855426
312.70012647323597,48.419780881811306,Medium,Clear,Van,13,82.51301059950526,6.095997792817461,Standard,13.121247228882545
264.4666490280025,22.612369099296757,Medium,Clear,Van,4,55.02318060460324,10.958401213461979,Critical,8.693111516477554
214.189525177405,25.325139037333237,Medium,Rain,Truck,1,69.25319194444353,14.481872676597051,Standard,7.717845416900868
67.09376761661933,12.70960148236762,Medium,Clear,Van,2,11.67532875712794,12.139218965571498,Express,4.364536934303942
443.52889918975245,23.812532495519307,Medium,Clear,Van,3,85.07029965956131,14.105225665052876,Express,15.65101629306199
225.9927551130186,33.26472481553207,Medium,Storm,Van,7,11.07483411567572,2.1090870611479016,Express,11.84866028416026
98.922010886741,37.68326827922512,Low,Clear,Bike,10,98.96476889575969,1.0676519829551516,Express,8.853198587273612
185.14415673689024,37.81647009414069,Low,Rain,Van,1,99.86889688796411,8.365571428600068,Critical,6.743532908819562
208.23661675940565,29.105610078357373,Medium,Clear,Van,6,32.263888068964675,4.354462245660516,Standard,6.760013845645074
414.1138719923034,45.26580886219593,High,Clear,Bike,3,42.22121981911703,12.420824594539093,Critical,15.44820838169527
367.3399615195782,40.96168844165241,Medium,Clear,Bike,3,60.35069353420373,10.079818071034891,Express,11.875133004789493
385.1138370333872,37.97388167758196,High,Rain,Truck,4,73.61623429723537,14.560922459786916,Standard,14.926553268634542
7.493569685466312,3.2524733231828007,High,Clear,Van,13,38.04567110032962,3.8218853359695633,Express,6.05480579017165
209.24469109352123,0.840459129872641,Low,Clear,Van,4,73.13593653267138,7.286761715328486,Express,4.553309794065024
241.70938751439115,11.016140221175911,Medium,Clear,Van,7,39.24551342136937,7.518607161380299,Critical,6.256077457907961
11.55775385788223,33.34441789871589,Medium,Clear,Truck,3,11.381432923171978,3.587651922860643,Standard,3.32102656352485
131.38697795502705,20.854275699686017,High,Rain,Van,8,5.290668230669529,8.851400992320116,Standard,10.058464298205546
380.62433191482324,20.41910983531593,High,Clear,Bike,8,16.632371660619288,6.649289791188593,Standard,16.746299523134233
70.28063345304153,44.28705096736588,Medium,Rain,Truck,11,96.10883051886209,6.700823339848104,Standard,9.836552715139556
268.58444546339064,44.83036098252602,Low,Clear,Van,13,115.56460092408376,5.441049719587254,Standard,12.909246465385282
109.17053226458428,45.50417557065249,Medium,Rain,Bike,7,54.10111291734022,0.2539402863830259,Standard,10.356531717224318
8.03614577265885,16.03696478749385,Low,Clear,Van,2,63.95865464674342,7.831428553721834,Express,2.330547489355392
122.11832588457166,34.707262730593456,Medium,Clear,Truck,5,21.887539443444005,5.028717535504967,Standard,5.918766463476817
487.9851299452068,13.945842473081298,High,Clear,Bike,6,68.36860555821806,0.019798034764945127,Standard,19.097027091497825
401.1654817177288,9.935186737185264,Medium,Rain,Van,12,21.635313730802338,4.61915561492898,Standard,16.966429780406347
479.86916887187465,9.639306638694777,Medium,Clear,Bike,10,75.28964808786546,4.179424996346355,Standard,16.665893722941952
244.9513138753285,17.434327232747904,Medium,Rain,Truck,4,112.32474677179819,5.901722298354537,Standard,9.497416563628493
56.64862694139674,21.782902179101175,Medium,Rain,Bike,13,27.505332019849554,1.9777798446509542,Standard,4.9163078079538955
274.88382550889906,41.631983967225885,Low,Clear,Van,10,92.92482757656673,7.615257369526266,Standard,12.370659585029793
228.27991261086052,6.4346091268992485,Medium,Clear,Truck,5,7.702778624107265,10.38660528777195,Standard,8.998497635533196
422.4898272043288,36.87882944604726,High,Clear,Bike,14,48.18218275198642,9.452783535818586,Standard,18.34415121990788
50.845125230553805,26.807018252370614,High,Clear,Truck,9,17.73607840050854,12.05632421353786,Standard,7.823421388143819
245.14408623684554,14.753294462461628,Low,Rain,Truck,11,45.534675783505435,6.780124319806217,Standard,9.476578038880737
76.72423501760416,24.894569434374816,High,Rain,Truck,7,24.956745758471605,7.786375955095924,Standard,5.364507665162146
163.68861159124987,15.34713245396262,Medium,Clear,Bike,2,47.930073864132055,12.156029112884749,Standard,7.385124990482875
369.20382453912424,30.006056784296145,Low,Clear,Van,11,53.01512270236599,6.415517562288578,Express,14.356360140120154
239.05702842564574,21.975274181334587,Low,Clear,Truck,1,39.567979119805614,10.523990248493954,Express,7.387700107028935
189.19236600259313,8.638073689404496,Low,Clear,Truck,2,80.51152418940985,6.5190355307698775,Standard,4.5352271715881605
198.4491867278776,6.270862190506987,High,Rain,Bike,3,110.66798589477462,6.266042917673439,Standard,11.59370144852572
230.80449066618135,27.561436262570442,Medium,Clear,Truck,11,51.06846802210632,11.403084367937405,Express,8.153112255844304
392.93823883085435,45.169445147662124,Medium,Rain,Van,2,27.119462994627465,2.6225537319931673,Standard,11.80790474880909
446.25817509223674,17.525905484605435,Low,Clear,Bike,11,36.13311719253808,5.078789579123604,Express,14.13828707964841
477.7566738789563,36.783505307519846,Medium,Clear,Van,3,103.21009470208243,3.3625841512035266,Critical,15.543434962337185
393.877886355137,33.103737069518466,Low,Clear,Truck,10,70.738568176067,5.386649144513957,Express,13.128966910752213
159.07263408251035,46.61196825831931,Medium,Clear,Van,15,57.32626871530009,3.4556223354903604,Express,10.182890565313722
344.69108363109797,41.13856035630747,Medium,Clear,Van,11,22.20822297352657,8.69108446629982,Express,11.467311961455486
219.92635577958518,28.546960315820417,Low,Rain,Truck,11,56.718640457234926,11.972562039267679,Express,9.956606170603957
128.82596977893348,33.023009662588315,High,Rain,Van,15,37.02658038609947,11.799195918268527,Express,9.96031855113626
420.75404655410944,44.970130095909724,Low,Clear,Van,12,113.46375970313515,5.467514468231887,Express,14.65873341684615
21.136321783237847,20.276179837053274,Medium,Clear,Van,14,106.6680625828091,14.831406088413926,Express,6.021930119373257
451.0774720834409,16.67633793995998,Medium,Clear,Van,12,14.64879231024277,8.907815470587012,Standard,17.136012091051388
231.81577738311762,1.0351486399422187,Medium,Rain,Van,9,64.41515126504294,5.991004526674422,Standard,11.58270731721161
319.32633545052363,41.41427817247748,Low,Clear,Truck,4,30.88170973418729,12.533089188621382,Express,10.509643206284878
330.3582532584798,40.14854466996656,Low,Storm,Van,12,52.23936529529342,10.948110189639612,Standard,15.26547068884855
447.7686348718551,5.670498645957493,High,Clear,Truck,9,105.83751979891748,11.239130052361567,Express,17.431181437895148
319.06150171926924,29.05444036606866,Low,Clear,Bike,11,65.66416978718266,2.942090246008074,Critical,12.933336363349737
307.7389252105108,23.467094059260926,High,Storm,Bike,3,43.43475873763738,7.024864610528327,Express,17.504483889191896
35.192716199223604,6.376100227701017,High,Clear,Van,12,28.90716072207466,12.927421962369042,Critical,7.621411741468434
260.16719492871164,49.03812723950582,Low,Clear,Bike,1,97.03735883174626,7.560570114431359,Express,8.51915015128846
76.78416240688675,11.127446429436095,Low,Clear,Van,11,76.81957176689993,10.251791151315755,Standard,7.315278207677386
369.2420168232998,3.8280919144827767,Medium,Clear,Van,5,58.82752794901659,8.819005995513969,Express,12.76520461188898
257.0865165647119,29.944945285344524,High,Clear,Bike,10,30.010700694242473,12.635351815775731,Standard,11.120235764604177
340.75343404575995,37.07390051808512,High,Rain,Van,10,43.438333028070105,4.26841259642404,Standard,16.769684306320286
22.753104499987366,2.1059505793357545,Medium,Rain,Van,14,115.38199407492964,8.632129168295473,Standard,5.7466711329467435
44.226423990810005,33.106523116987596,Medium,Clear,Van,2,64.81034282467095,1.8485200201470597,Standard,5.352493786328094
358.7290472552158,26.848447859596995,Low,Storm,Truck,4,51.08041734297409,10.353161650492018,Standard,16.79748576697626
37.897999327339335,5.611617939314897,High,Clear,Van,2,64.96353487005725,10.97951757529068,Standard,6.305929022662739
37.48585042709878,9.039931908844922,High,Clear,Van,2,94.583678178455,0.6425598178349762,Express,7.176973588745434
8.03002066697395,28.614727717145986,Low,Clear,Truck,13,44.11252769782991,10.136864454419776,Express,3.086556658967769
478.3376963531411,15.169701868907774,Low,Clear,Truck,3,25.551203907250017,6.220352312486796,Standard,14.365112272150412
369.2791630105855,46.94662856824014,Low,Clear,Bike,5,72.2676536089905,1.8614531416452351,Standard,13.576178854056653
177.91920143402794,41.02764135946052,Low,Storm,Bike,4,81.49847190032273,6.2986132154770145,Express,9.431688340512926
149.6747194812523,49.18657672242632,High,Clear,Van,2,86.9625703402332,2.9134939454337254,Express,9.632241449736894
176.15220841343307,13.353706528045493,Medium,Clear,Van,15,106.4285729381049,6.233392981849748,Critical,10.413951392170231
387.7774585282286,48.50131982349986,Low,Clear,Truck,11,47.685023879248,5.7650854193779155,Standard,14.805797344718716
331.36256431306634,21.846076554682114,Low,Rain,Van,14,13.665813066322556,11.075874554040862,Express,11.087596207059496
94.22739279799903,17.702180368030852,High,Rain,Van,14,115.21008711755836,11.613233372495381,Standard,12.753357479208054
88.70644899637401,2.9923015849829855,Medium,Clear,Truck,10,55.026371655309646,9.1054298157682,Express,6.534609421003029
51.00103355727186,3.11188026405033,Medium,Clear,Van,2,76.6746136124101,0.34030263273671313,Standard,4.250982716023466
330.8307544112664,34.75455716935941,Low,Clear,Bike,14,81.62511215975361,13.96533418606491,Standard,12.671956830145113
382.6575857864245,23.16748522448438,High,Clear,Truck,6,67.8490765006384,10.293499201446716,Standard,14.758161439993525
133.99312130585201,11.712820488787232,High,Clear,Van,7,28.604615919671062,0.5129317488178325,Standard,7.304868517532392
12.43059059339458,30.891530163099016,Low,Clear,Truck,12,91.84145076335626,12.282493488211767,Standard,6.368675406180289
42.92149040326082,13.016476853380503,Low,Clear,Truck,10,97.43147704496938,3.003992320769942,Express,6.061965962656251
483.9942973528252,29.09277184004892,Low,Clear,Van,6,68.59219239200559,8.688317843566601,Express,16.057315704758
149.1314991837553,18.280832975643172,Low,Clear,Van,7,61.18453346725678,6.999515549252807,Standard,8.926521280345815
385.0731276233905,41.265835217285044,Medium,Storm,Van,1,18.10289105971831,6.297581735326149,Standard,15.49581356303719
313.08245728942336,41.12445995795558,High,Storm,Van,6,14.65444107247514,13.345705801865963,Standard,13.10235162665305
192.20594054714215,24.128844707058864,Medium,Clear,Van,11,44.049957239805806,6.56041937343922,Critical,9.676570777903292
104.43225657338644,17.86554591208327,High,Clear,Van,3,40.74730788450022,1.1301617635972612,Standard,8.10998791201301
62.4504362433844,18.44670992967518,Medium,Clear,Truck,1,114.6704918607762,14.199580908224288,Standard,6.9767739344736
308.2764580833556,40.382869020576784,Medium,Clear,Van,8,95.11661538099442,13.808028468594413,Standard,13.924859028950248
387.7676227576184,16.744884398481794,Medium,Rain,Bike,4,80.89129395479189,10.266490343723982,Express,14.006376084541216
322.6643182634831,10.848438998488877,Low,Clear,Van,10,64.52953023702457,7.018387921980374,Standard,11.306485488904345
266.09046235808086,4.692072922827688,Medium,Rain,Truck,8,24.247266033564905,1.392892094152819,Standard,13.063349478984774
22.89170926895486,23.601309483778216,Medium,Storm,Van,10,117.52251730119265,11.861221778662143,Express,4.179712549523231
484.3074112420031,24.365538896532172,Low,Clear,Van,14,48.129680297624155,1.1321687163604344,Express,16.467537728816996
399.7596674439781,42.124981164943904,Medium,Clear,Truck,11,17.296444281433153,1.0290147734271848,Express,15.7107541382446
147.82537427708044,11.451315474080166,Medium,Clear,Van,4,61.7868730073108,8.060757636590521,Standard,6.704905454797997
490.02522402070764,19.359068046585797,High,Clear,Van,4,105.50977133550457,2.401923602769603,Standard,17.237820140053266
301.7370316388884,40.5160840752377,Medium,Clear,Truck,12,107.03846520439289,0.11595401010523476,Critical,13.373255818878297
292.04648378720873,41.26936873207419,High,Clear,Bike,14,6.261080346491434,6.346701464936793,Express,15.365637555028783
374.540443355907,19.538248260949025,Medium,Rain,Truck,10,106.92401064641096,2.058258474150989,Standard,16.533908047221637
406.2613544688885,23.226639152690705,Medium,Clear,Bike,4,36.22068501248373,2.4077312292103685,Standard,12.427737492372875
328.9263464510883,15.512651597039504,Medium,Clear,Bike,6,9.481821856368654,1.1536595810300199,Standard,13.3489569730759
65.79168169036761,46.661466481755944,High,Clear,Truck,14,102.49588109173055,3.076406305854149,Standard,11.669078116231468
170.4572179852602,6.372866404208225,Medium,Rain,Bike,9,104.34467693864396,10.732262696615841,Express,8.268874956711622
464.1856528823728,46.72059643857276,Medium,Clear,Van,5,73.56657418187025,12.13390960826687,Critical,19.000741642536035
113.85857469823826,34.35138936584949,Medium,Rain,Truck,12,71.05988208908121,6.788004660439509,Standard,9.341953995721783
187.33917787108163,26.812821557993193,Medium,Clear,Truck,13,98.50883135146323,7.598307238221265,Standard,11.786484112912904
217.1742877062096,2.1166235088325456,Low,Clear,Truck,10,95.42559856168218,0.48982551891303905,Express,9.977813999069532
220.8236848678372,24.04201149518941,Low,Clear,Van,14,107.36212944591097,1.039743920569753,Standard,9.68097560768626
307.2439120822737,20.683531197635247,Low,Clear,Van,15,68.5659564736209,3.8635158847427538,Critical,11.08231258693259
471.6517671968644,8.480331192768567,High,Rain,Bike,8,116.279415664273,8.158476310697212,Express,18.689074798380457
121.86497049258747,32.99227537328252,Low,Clear,Van,8,119.55688555733393,11.093267231024894,Critical,3.4273686823328755
62.507685397857195,48.57196991473015,Low,Rain,Truck,4,18.40263014984275,9.075045920070496,Standard,6.18056775140005
100.34030395024878,28.328346147693992,Medium,Clear,Van,15,102.69753234872404,5.881917824801824,Standard,5.886907251045379
443.6886003042162,35.88028718397532,Low,Clear,Van,11,62.47955964108774,1.774861095047073,Standard,15.331180646284604
323.6137847022926,3.8882974020178307,Medium,Clear,Van,10,49.57012890448069,11.711598523307842,Standard,11.067476199192916
144.38158104110175,21.174516292941238,Low,Clear,Van,9,75.50331563651223,5.4567907739858565,Standard,8.083139091777209
408.3415756063714,6.259745015642546,High,Rain,Truck,9,11.436039085130808,11.040810217241845,Critical,12.291775547607042
430.96225818899114,30.833393859057264,High,Rain,Bike,5,63.243028658214186,7.694682628715127,Express,14.194387157775344
423.56414066775847,46.954866831600654,High,Clear,Van,6,105.15241555306667,11.079930803427379,Express,15.21692079663874
459.6254137524981,33.257997757346104,Medium,Clear,Truck,5,29.548074355981413,13.609343421788578,Standard,15.377974349983045
127.61602804633407,4.301750891563866,Medium,Clear,Van,3,54.034837898483886,13.81544274080703,Express,5.5831243368864465
378.0108805156466,18.0559771467616,Low,Clear,Bike,11,113.04030208721068,8.026601700009051,Express,14.831954217235403
231.3486696425217,27.75783728232215,Low,Clear,Van,8,54.28484134765519,7.672625471484581,Standard,9.10644692501151
421.31527933925065,20.458783928595984,Low,Clear,Van,9,46.212277718225806,3.9851769825425585,Critical,13.108291243955646
364.78835722648336,41.76537851852103,Medium,Clear,Bike,15,55.6617145341885,14.03699747293937,Standard,13.04528187315604
388.67082835686284,40.82621473314447,Medium,Clear,Truck,4,64.73706814951898,6.8687875079943135,Standard,13.096201740712885
328.7685951651736,30.78563549510946,Medium,Clear,Van,9,77.67900457511892,1.913868589310657,Standard,13.107319563778887
90.35952719591403,18.98616828406891,Low,Clear,Truck,9,97.07967210542408,6.490573719398249,Express,2.466981781998716
273.4234056106753,13.139150501280586,Medium,Clear,Truck,7,56.99175366289614,1.9057987535700593,Express,9.00501247850228
492.3655302832051,5.740778751549901,Medium,Clear,Van,8,99.01030753536614,7.537975263856126,Standard,17.37688885375097
468.8192571155652,18.067435332584424,Medium,Storm,Bike,15,66.37787605548928,8.419132722843182,Standard,20.52050220581691
23.500520426911812,20.952039601782115,Medium,Clear,Van,3,43.92525869231743,5.06633642240378,Standard,3.2467322307095206
84.07777823325969,33.95323479265164,Low,Clear,Bike,15,80.66434523373263,1.0747592134722699,Standard,6.425063409062347
67.60092918037184,33.078911302729885,High,Clear,Truck,5,87.53805929550151,14.152553034498586,Standard,4.356229528490729
363.53799517267714,3.970352912242219,Medium,Clear,Bike,3,69.17563219739107,11.600296702251445,Standard,8.651028743220436
409.25709426875864,20.06533611384231,Low,Rain,Van,7,11.510721910493192,12.583216207576815,Standard,13.107175958484282
108.3286604227146,9.498053927259415,Low,Clear,Van,6,24.536530643494864,5.503025914293441,Express,6.65842224080146
253.91464109001083,8.262228913181882,Medium,Storm,Van,11,37.809237902376246,11.412465450291759,Standard,13.524369705594367
420.6701079495776,41.451456411993675,High,Rain,Bike,3,37.50194468442171,7.280593427537914,Express,17.429423797353646
366.9351692935928,2.5748032274547477,Medium,Clear,Van,9,82.44339202839012,3.0162523260906893,Standard,11.915640759716116
272.0341283349404,21.249552357155007,Low,Clear,Bike,12,7.110096092467747,1.8663506536081993,Standard,10.75498786397375
295.9931498484689,8.826080960442651,High,Rain,Bike,1,91.9034043606948,5.175763039830853,Standard,12.07250014311547
255.16355236430744,44.02684567608446,Medium,Clear,Van,10,35.51438460279732,2.0632816721270952,Standard,10.069713314334333
150.17912875677266,28.07350540711424,Medium,Clear,Van,3,40.652512314851776,14.97403464306103,Standard,7.5813339667425605
283.38095244379,11.953341500653977,Medium,Clear,Van,15,65.70963021355129,0.7378348534803308,Express,12.142155608986215
345.06488042094514,25.370150714735633,Low,Clear,Van,15,29.831444107980115,6.617153990536148,Critical,10.122164144235235
436.9148120986822,36.70857480530423,Medium,Clear,Van,15,106.71420106118566,6.781402835855762,Standard,17.429857597512118
318.87309428166554,47.926841441511975,Medium,Clear,Van,11,14.817409622555008,4.509478928725133,Standard,11.613906962275909
381.0385254474927,11.412077210148237,High,Rain,Truck,15,56.10397166462246,8.57027348560418,Critical,14.66108566475677
81.71567420737735,44.36599772040258,Medium,Clear,Bike,10,102.68356098731235,2.2496553622731703,Standard,6.157573961828059
231.85562226105537,46.74805365129077,Medium,Rain,Van,11,75.82204785844212,11.758685708808505,Express,14.705968450529259
6.647146673892461,45.862816954337276,Medium,Clear,Truck,7,38.617894321902845,4.986715773714574,Critical,5.43664370141125
124.84607453176827,31.953010664664536,High,Clear,Truck,3,53.387423894292986,8.870138846979627,Critical,4.0644841688879625
363.7779341262764,31.676122394518032,High,Clear,Bike,14,86.26985373938918,10.73458854100439,Standard,15.992896122377696
495.921355771983,20.458926342599227,Medium,Clear,Van,3,116.92498548684843,13.335631765352417,Standard,15.8013680000792
51.39069359443352,37.7436951740375,Medium,Clear,Van,2,107.71095261363484,12.536811546783001,Standard,4.442925860248079
201.94416929892154,26.799053908371132,Medium,Clear,Bike,9,44.37977296397333,9.124635421553394,Express,7.7223276413844015
400.43534241218146,34.03318452580058,Medium,Rain,Truck,11,119.79275611810361,5.825897705758304,Critical,17.346459471839204
103.60974604519163,21.708666240515374,Low,Clear,Van,4,5.4030363060717015,7.548070051124459,Express,5.192830779614314
278.4323047525385,36.70907497013538,Medium,Clear,Van,10,8.177421917967735,11.531021900682038,Express,12.021832981951928
367.06950542277804,41.311340121425175,Low,Rain,Bike,13,99.74165924468728,13.163183138392096,Express,15.061942337964119
308.76075422956916,7.748594701839398,High,Rain,Van,6,27.938208985800983,1.556728922650078,Express,14.221221635141628
95.63631783847724,41.73002092092429,Low,Clear,Van,2,11.988465865567699,5.772843937395803,Express,3.113075945235657
178.98151520549823,27.244678323620207,High,Clear,Truck,9,32.27202842219776,11.641748976202509,Express,7.040143646728399
392.3283086737278,42.3109624999661,Medium,Rain,Bike,15,54.001517707798925,6.474776438909415,Standard,14.427772978031559
278.0048040377443,21.849434463880222,Medium,Clear,Bike,7,89.01512109984155,4.983416460994258,Standard,10.069167176028266
4.604347544370543,19.262504026460235,Medium,Clear,Van,10,76.79858555338863,6.169840452349044,Express,4.077976408215271
380.9733984939907,45.79550625960251,Low,Clear,Bike,5,32.32644001944835,9.042671201795262,Standard,10.11275442028034
19.585054760239057,12.932878743645864,Medium,Rain,Van,7,62.87610153156721,14.997077162007022,Standard,3.5434431572601888
373.3754238001536,42.28851010166408,Low,Clear,Truck,14,111.51462212083541,7.394886436567977,Express,13.543504215475407
102.83531896228823,24.459018339215504,Medium,Storm,Van,4,98.72589435313213,3.127417124313908,Express,10.393553884485428
479.12059309945136,25.947724406287357,Medium,Clear,Truck,13,42.16682525565624,2.442698629186421,Critical,16.9770170317813
185.23449414843807,15.76917993372946,Medium,Rain,Bike,10,117.96042455590508,0.6352462121462144,Standard,9.962226204334897
164.8119449363634,28.865588930641277,Low,Clear,Bike,13,86.49134605004006,8.382258523774823,Express,8.225463605893006
76.14624906555746,16.59795421567246,Low,Clear,Bike,15,12.181675901679904,8.168581372332513,Standard,3.7790970344599906
154.19089931412702,2.4438360049617893,Medium,Rain,Van,7,9.043482028193448,3.0785089017046374,Critical,6.2815282516756685
438.5720793904439,13.963930964545625,High,Clear,Truck,2,24.366914136153447,10.429941096788506,Standard,12.263201734539233
498.1745001383692,0.8157626486262386,Medium,Clear,Bike,7,88.70342482576689,11.116605624445212,Express,16.42963326282794
185.41814619241046,48.9285619593144,Medium,Clear,Van,15,26.12997647187921,3.886473080731669,Express,9.403271980965073
225.4080942153622,48.3044868860775,Medium,Clear,Van,4,63.820978459015855,5.161496460446048,Standard,9.282577874160715
361.59132722496304,20.0601872248791,Low,Clear,Truck,4,15.724913820795651,14.85707508520885,Critical,11.044007638168733
443.32549867160714,36.55435728981248,High,Rain,Bike,1,110.90190815047244,5.613967017761013,Express,15.441840191546955
297.3360784250185,17.617401871316037,Medium,Clear,Bike,12,44.555470562110266,11.412025076341527,Standard,12.675971483567299
196.979797692559,33.719111275755814,Low,Clear,Bike,3,109.43518650447254,6.790881399449099,Standard,10.849250084756756
207.48567674261463,40.368787130775964,Medium,Clear,Van,5,113.6606988197126,11.90017241791464,Standard,8.00742440077542
348.4178369554098,47.36443411226592,Low,Clear,Van,5,5.704794441073291,11.535348581739719,Standard,8.483427673647851
3.6026952749307837,20.310507654558766,High,Rain,Truck,2,58.37554652785418,10.016340377978034,Express,3.2078171058988003
310.55549005500063,39.27325015632436,Low,Clear,Van,4,7.835446406292682,12.82167519443369,Critical,9.41702228636695
179.03551919979597,13.66345830628988,Medium,Clear,Van,1,109.49966812483417,14.088277423165277,Standard,10.050743076150784
397.51027097598796,49.521449037785594,Low,Storm,Van,15,64.61686764447623,8.69974980678126,Standard,20.465984478775365
48.309338631919815,1.7755951388353814,Medium,Clear,Bike,9,13.618561460327134,3.562033608341186,Standard,6.122667670003367
294.92472894029845,30.374675921805487,Medium,Rain,Van,1,17.68182375180519,5.979434424661125,Standard,12.32068765888891
241.52449916328962,33.14554609174069,Medium,Rain,Truck,6,49.10353781666499,11.374585702699399,Standard,11.566390048381079
321.8781119008032,34.55825507516938,Medium,Rain,Truck,7,113.12693218038228,9.763252276858042,Standard,15.019969311787001
34.297090052518236,6.4591851500599065,High,Clear,Truck,3,84.6845524303293,2.666975078478731,Standard,6.219487578240048
290.8319261392094,46.957224281919956,Low,Rain,Truck,12,104.77616961175023,0.7685931171963706,Express,11.902080636680331
281.6193248038428,9.468572312979099,Low,Rain,Bike,15,47.14251432909766,10.244423903130974,Express,14.408601934190548
281.2087270192531,31.326293460372135,Low,Clear,Bike,1,9.969575448249806,3.76618536044018,Standard,10.472247661802678
302.53685796503447,11.522465916592706,High,Clear,Bike,7,117.04652827850762,7.495053655935802,Express,11.875529879603539
338.8810327387284,15.707212642552909,Medium,Clear,Van,3,6.9748939261724985,11.201201587688914,Express,11.216003661758887
402.88452184102334,27.549697815542157,Medium,Clear,Bike,13,113.97994010432524,8.440001709844998,Express,17.60738106698611
136.37071862385073,21.151074218946537,Medium,Clear,Van,10,47.39790374265164,1.2495387466769459,Standard,8.673347567221665
412.8746062696709,8.431167248337061,Low,Clear,Van,12,6.160396577516375,2.783703551753331,Express,12.802873446508672
250.1313297671999,8.96135191983199,Low,Clear,Truck,12,84.25308164831846,3.289922760463787,Express,12.111739681627274
40.37502300889692,21.198167014058583,Low,Clear,Van,6,117.76213496360573,3.8679638046726734,Standard,4.96878529794606
31.158362763501643,37.985507424637284,Medium,Clear,Truck,13,116.04695812632313,8.481050879257564,Standard,5.860246834271888
168.4506827106383,44.949250018965536,Low,Clear,Bike,12,23.50775628827812,7.559486697380902,Critical,5.639966165364354
392.87869460151086,4.66431928183945,Low,Storm,Bike,14,25.843497697607823,3.0474005754631337,Express,11.783512958049325
354.42510550097603,19.958643424190353,High,Clear,Van,6,70.03697518126091,1.0133226518353062,Critical,16.719605083668785
394.7302524068584,5.462155404282393,High,Clear,Van,14,78.29005503925731,2.571483067120771,Express,15.131532633790863
259.5999901079215,1.3213277913135952,Low,Clear,Van,12,90.03306007157455,14.765719689279049,Express,11.145504876474977
221.2191009818343,33.25507479087585,Low,Clear,Van,4,25.820791454296963,7.028204246872084,Standard,6.277439332232225
75.43135829972941,30.321247377346097,Low,Rain,Van,12,115.28581497790996,13.010182570531686,Standard,7.85406456666077
165.43999129743716,8.569446133836868,Medium,Storm,Van,11,78.45501447326235,12.73128700003265,Critical,11.671342881380493
218.14164435458989,12.073735238106673,High,Clear,Van,6,102.4103956701138,7.672793361943105,Standard,9.197968115146589
46.12301398044938,1.67353380540366,Low,Storm,Van,11,67.10755725767976,10.600315626908152,Standard,8.995011663812456
111.8647524501832,41.829886681872985,Low,Clear,Van,10,52.6418374728365,2.8912801561906845,Express,5.942761045430241
299.9161964437419,48.7471845044033,Medium,Clear,Van,4,117.37603425842454,10.325950573903624,Express,12.153554138504012
368.36023089111654,7.205247071337195,Medium,Clear,Van,15,71.94395764428114,4.085768688949343,Standard,16.99875857592336
499.1770606736889,11.958023081382256,Low,Rain,Bike,13,104.69046202190557,12.480931451312262,Standard,19.125279599389454
466.69043900909173,43.48627143537323,Medium,Clear,Van,8,114.62862558212335,1.2558619966336488,Standard,16.902623590307527
321.9974693685254,46.35995799883115,Low,Rain,Van,9,82.66578210599582,11.597080093279162,Standard,15.98951529926824
211.78153054044785,21.27155544893711,Medium,Rain,Truck,2,68.12794802964763,1.499053598529293,Express,9.204207875966919
318.8163276246999,3.0058123773191694,Medium,Clear,Van,7,5.403747854724822,13.217838553414634,Standard,10.891326244485885
393.2545058039555,2.44989576779456,High,Clear,Bike,9,9.602258684985689,4.563067772025056,Express,14.155377301795003
60.93142307984689,28.910518370416018,Medium,Rain,Van,9,28.097889845878377,9.81590047245862,Express,4.36307758537092
206.13263506875154,19.948307890212362,High,Clear,Van,12,26.390969663439453,7.312534179304198,Express,8.673051820283783
420.22153824653736,1.9182951650938986,Medium,Clear,Van,5,34.297261447982216,5.494547178935084,Standard,12.69479445142936
193.1488100626559,29.37099341947156,Medium,Clear,Van,1,40.067483335230996,9.681627497752446,Standard,5.842230122623404
286.7923910711389,1.0594755611566122,Medium,Clear,Van,6,46.40753175833375,14.21284470826857,Standard,9.757573207335627
294.7091417093747,39.47491192838901,High,Clear,Van,15,53.3618343579208,0.6190462106193279,Standard,16.11467513354442
93.8691740605524,15.668424723816893,High,Clear,Van,8,16.369628922441684,13.782792838246564,Express,6.013276676425438
182.39324994283962,2.4927711489569893,Low,Clear,Bike,1,9.871622174569936,9.136224825315203,Standard,5.680176438610321
168.5866217934822,29.62343493866609,High,Clear,Van,2,82.50361164339769,12.109714511535785,Express,7.605812325030322
15.045960848968267,20.185378514436206,High,Rain,Bike,13,66.79350485695394,5.758124301514163,Standard,12.167680070269038
14.047498417894912,48.7031204611789,Medium,Storm,Bike,13,56.07658325531376,7.077644622564206,Standard,11.133899878898017
416.1851277505352,27.437833793933258,Low,Clear,Truck,1,77.96059323436052,13.03276127701746,Critical,11.159001646527235
137.9892633664606,14.12433946133191,High,Clear,Truck,5,100.18313182840716,6.222719547147346,Standard,9.323184365767172
260.0032255869301,35.61722379938175,High,Storm,Bike,2,54.18468454836353,8.019893501236275,Standard,12.053183193550417
150.76533564720899,13.93885412586421,Low,Clear,Van,15,78.72873848097763,0.3029238462649936,Standard,8.389234083866182
470.4582640674396,45.26004292467447,High,Clear,Bike,10,114.66080574104325,2.378970087570634,Standard,18.120556025177297
131.12978591515534,19.048737540115134,Low,Storm,Van,10,101.55681702407948,9.625297619621996,Express,10.811981104796445
215.96909274398968,27.718493857422157,Low,Rain,Truck,14,53.990093207777086,10.754653515958157,Standard,9.437232347597575
436.61966474133175,3.0033686392993286,Medium,Rain,Truck,4,79.14243634869544,8.73901405176749,Standard,17.847301647276872
421.2829162623207,21.593001278635423,Medium,Rain,Van,1,25.363156020333072,2.1496505441341602,Standard,14.1761976345829
94.67850608744611,41.70199521321925,Medium,Clear,Van,7,69.46005126293534,6.681081428667523,Critical,4.754646791064049
401.71636827826376,40.37961586548543,Low,Clear,Van,8,117.85275348092092,5.326421495447847,Standard,14.298017556239785
230.17706959547053,11.60376866324955,High,Rain,Van,5,64.60623824829005,7.434920160526325,Standard,13.011524435748685
242.5184982985069,11.690914015022853,Low,Clear,Truck,2,111.67840440686693,13.054935518311414,Standard,9.036872243940998
68.47302626314,40.95661295455522,Low,Clear,Truck,8,51.84351585787498,11.637921579879778,Standard,5.117640801491242
42.13955385104808,46.554721798381614,Low,Rain,Van,1,119.86715512623259,1.2598425208373842,Standard,6.656269040823622
364.5137748729351,5.220365603013676,Medium,Rain,Van,15,71.61030405116915,13.354637966618464,Standard,16.74102349968177
249.23765387293926,22.77790265159815,High,Clear,Van,7,9.860934337132473,7.076507267247354,Standard,12.340104466710606
219.55164990235943,17.203986808729333,Medium,Rain,Bike,1,72.47680161950963,11.157932173289977,Standard,8.956749256454872
365.29509786889355,43.59907854514325,High,Rain,Truck,12,36.575860003153615,2.100588468965282,Standard,16.617312486856704
383.22542369757264,4.634483276660929,Low,Rain,Van,6,8.735352034127892,10.060792885605721,Critical,11.541529610770544
81.13626749933808,10.950734156622852,Medium,Clear,Van,13,99.39813003988628,3.544890264141869,Express,6.402553220955223
305.89212443986537,37.74718271053147,Medium,Clear,Van,6,36.70890825278693,6.575713457113973,Standard,11.549501300324751
69.4063329742874,3.0390455245701715,Medium,Clear,Truck,15,96.60308371534732,0.25294305123156613,Standard,7.721429413121252
376.18479284246473,24.880501345357317,Low,Clear,Bike,5,38.145022039924704,2.27415956895714,Express,13.92720373570253
329.16366782103546,22.38429821664614,Medium,Clear,Truck,15,27.347530695484043,1.3812073968542964,Express,12.380555193599172
478.39408129956206,17.05285835994306,Medium,Clear,Truck,2,117.00259102200916,3.596162594073877,Standard,14.195767967817991
36.34109214549775,20.03132960828673,Medium,Clear,Truck,2,46.58921269182725,1.5002713503648342,Express,4.376659366675486
30.41325113332465,26.73205905304653,Medium,Storm,Van,9,74.15826431596345,10.378650399293429,Standard,8.343348386365308
142.52916319721368,8.487684240224965,Low,Clear,Bike,5,75.14787167366423,0.43559853313829056,Standard,5.345378432318691
